SKU BASE,Suma de Cantidad,AÃ±o,Mes
ZZZ30096NEVADABLACK,2,2025,enero
ZZZ30097NEVADABROWN,1,2025,enero
ZZZ30201ZAMBLACK,1,2025,enero
ZZZ30217MURANOBLACK,1,2025,enero
ZZZ30218SENZILLBLACK,3,2025,enero
ZZZ30219ARABICBLACK,14,2025,enero
ZZZ30320GURAMIGREY,3,2025,enero
ZZZ30321GURAMIWHITE,4,2025,enero
ZZZ30322ARLEQUINBLACK,4,2025,enero
ZZZ30323ARLEQUINRED,7,2025,enero
ZZZ30324ARLEQUINCAMEL,5,2025,enero
ZZZ30325CARDENALBLACK,2,2025,enero
ZZZ30326CARDENALRED,7,2025,enero
ZZZ30327CARDENALCAMEL,8,2025,enero
ZZZ30338COLOMBAWHITE,28,2025,enero
ZZZ30339COLOMBABLACK,11,2025,enero
ZZZ30341MALEYELLOW,6,2025,enero
ZZZ30411RAZOPRINTBLACK,11,2025,enero
ZZZ30412RAZOPRINTRED,8,2025,enero
ZZZ30413RAZOPRINTSILVER,4,2025,enero
ZZZ30414REVERSEWHITE,8,2025,enero
ZZZ30415COLOMBAWINERED,5,2025,enero
ZZZ30500MICHOBLACK,1,2025,enero
ZZZ30507GABYPINK,2,2025,enero
ZZZ30530MICHOBROWN,6,2025,enero
ZZZ30533MULEYELLOW,5,2025,enero
ZZZ30565LUEBLUE,18,2025,enero
ZZZ30566LUEGREY,2,2025,enero
ZZZ30567LUEBLACK,3,2025,enero
ZZZ30700ALMOSTBLACK,4,2025,enero
ZZZ30702ALMOSTPINK,1,2025,enero
ZZZ30709JOACOBROWN,3,2025,enero
ZZZ30710JOACOKHAKI,3,2025,enero
ZZZ30712MARCOSKHAKI,3,2025,enero
ZZZ30735MIREYARED,4,2025,enero
ZZZ30738MIREYACAMEL,1,2025,enero
ZZZ30748LUCERABLACK,3,2025,enero
ZZZ30757IGNACIOBLACK,2,2025,enero
ZZZ30758IGNACIOBROWN,2,2025,enero
ZZZ30762MANEWHITE,5,2025,enero
ZZZ30769MARCOSBLACK,1,2025,enero
ZZZ30770MARCOSNAVY,5,2025,enero
ZZZ30773MEDMENBLACKWHITE,8,2025,enero
ZZZ30779INCABLACKFUCSIA,5,2025,enero
ZZZ30780INCAGREYPINK,7,2025,enero
ZZZ30782INCABEIGEBLUE,1,2025,enero
ZZZ30797GLENCAMEL,1,2025,enero
ZZZ30798GLENBLACK,1,2025,enero
ZZZ30799GLENKHAKI,1,2025,enero
ZZZ30800GLENNAVY,1,2025,enero
ZZZ30805DOGONGREY,12,2025,enero
ZZZ30807DOGONBROWN,3,2025,enero
ZZZ30818NUNYSHAKEBLACK,12,2025,enero
ZZZ30821NEWCOLOMBALLBLACK,25,2025,enero
ZZZ30822NEWCOLOMBAWHITE,1,2025,enero
ZZZ30840WENDYBLACK,16,2025,enero
ZZZ30841CHAIBLACK,13,2025,enero
ZZZ30844MARCOSBROWN,6,2025,enero
ZZZ30864KALIKHAKI,1,2025,enero
ZZZ30889PANELLBROWN,28,2025,enero
ZZZ30893ROMINITABLACK,2,2025,enero
ZZZ30894ROMINITABEIGE,2,2025,enero
ZZZ30900RIGELNAVY,2,2025,enero
ZZZ30912MANEMENWHITE,4,2025,enero
ZZZ30922CORVIBLACK,1,2025,enero
ZZZ30923CORVIWINE,5,2025,enero
ZZZ30926REGENNAVY,1,2025,enero
ZZZ30927REGENWINERED,5,2025,enero
ZZZ30934MONTUNOBROWN,2,2025,enero
ZZZ30936MONTUNOBLACK,1,2025,enero
ZZZ30938TROMBABROWN,5,2025,enero
ZZZ30940MOZONBROWN,1,2025,enero
ZZZ30943REGENBLACK,5,2025,enero
ZZZ30962ELLISBRONZE,1,2025,enero
ZZZ30965NAGINICAMEL,4,2025,enero
ZZZ30966NAGINIBLACK,6,2025,enero
ZZZ30999VAKONEGRO,2,2025,enero
ZZZ31009COCONICAMEL,8,2025,enero
ZZZ31010MANSHCAMEL,1,2025,enero
ZZZ31018TINIPINK,1,2025,enero
ZZZ31024ALEXACAMEL,1,2025,enero
ZZZ31061PANTERBLACK,14,2025,enero
ZZZ31063PANTERWINERED,3,2025,enero
ZZZ31066CONSTANSBLAPINK,1,2025,enero
ZZZ31070DALIXBLACK,2,2025,enero
ZZZ31071DALIXNAVY,1,2025,enero
ZZZ31099DINOKIDBLUE,2,2025,enero
ZZZ31103DINOKIDRED,1,2025,enero
ZZZ31149MONTANAPURPLE,1,2025,enero
ZZZ31152CARLYRED,5,2025,enero
ZZZ31156NATYBLUE,6,2025,enero
ZZZ31157NATYWINERED,3,2025,enero
ZZZ31158NATYBLACK,2,2025,enero
ZZZ31165STANLEYWHITE,1,2025,enero
ZZZ31171SALLYPINK,2,2025,enero
ZZZ31173ALLISONCAMEL,2,2025,enero
ZZZ31174ALLISONBLUE,1,2025,enero
ZZZ31178CATUYELLOW,7,2025,enero
ZZZ31222CHIARABROWN,1,2025,enero
ZZZ31235KENYACOFFEE,1,2025,enero
ZZZ31239SAMARAPINK,1,2025,enero
ZZZ31240MALIBLACK,4,2025,enero
ZZZ31241MALIGOLD,1,2025,enero
ZZZ31245CAROLINEPURPLE,1,2025,enero
ZZZ31257DAKOTAYELLOW,1,2025,enero
ZZZ31273LERKABLACKRED,3,2025,enero
ZZZ31298MOTKABLACK,5,2025,enero
ZZZ31299MOTKAYELLOW,2,2025,enero
ZZZ31300MOTKAPURPLE,2,2025,enero
ZZZ31301MOTKABLUE,2,2025,enero
ZZZ31302LIAPINK,4,2025,enero
ZZZ31304LIAWHITE,2,2025,enero
ZZZ31309FLOWERSBEIGE,1,2025,enero
ZZZ31310FLOWERSORANGE,2,2025,enero
ZZZ31311FLOWERSPURPLE,1,2025,enero
ZZZ31312KIMABLACK,1,2025,enero
ZZZ31313KIMABEIGE,1,2025,enero
ZZZ31314KIMAYELLOW,3,2025,enero
ZZZ31315SASHABEIGE,1,2025,enero
ZZZ31317SASHAGREEN,3,2025,enero
ZZZ31318SASHACORAL,6,2025,enero
ZZZ31319YURIBLACK,3,2025,enero
ZZZ31320YURICORAL,5,2025,enero
ZZZ31321YURIGREY,21,2025,enero
ZZZ31323MISHABLACK,5,2025,enero
ZZZ31325MISHAPURPLE,3,2025,enero
ZZZ31326MISHACAMEL,11,2025,enero
ZZZ31327MISHAPINK,8,2025,enero
ZZZ31328LUNABLACK,7,2025,enero
ZZZ31331LUNAPINK,4,2025,enero
ZZZ31332LUNABEIGE,3,2025,enero
ZZZ31334GALABLACK,5,2025,enero
ZZZ31335GALASILVER,3,2025,enero
ZZZ31337LAZODARKBLUE,1,2025,enero
ZZZ31338LAZOYELLOW,5,2025,enero
ZZZ31339LAZOPINK,2,2025,enero
ZZZ31340LAZOLIGHTBLUE,3,2025,enero
ZZZ31357AMANDABLACK,1,2025,enero
ZZZ31358AMANDACAQUI,9,2025,enero
ZZZ31370KARAWINERED,2,2025,enero
ZZZ31396PALMAKHAKI,1,2025,enero
ZZZ31401KIBOREDBROWN,2,2025,enero
ZZZ31403KAIRIBLACK,2,2025,enero
ZZZ31419TAYLORBROWN,5,2025,enero
ZZZ31420TAYLORPINK,6,2025,enero
ZZZ31422DALLASBLACKGREY,2,2025,enero
ZZZ31428MAIKAWHITE,2,2025,enero
ZZZ31432NEWRAZOPRINTBLACK,5,2025,enero
ZZZ31433NEWRAZOPRINTRED,2,2025,enero
ZZZ31434NEWRAZOPRINTSILVE,1,2025,enero
ZZZ31447ARONNAVY,1,2025,enero
ZZZ31451COQUINAVY,1,2025,enero
ZZZ31455KRUNENAVY,1,2025,enero
ZZZ31456KRUNERED,2,2025,enero
ZZZ31457KRUNEWHITE,5,2025,enero
ZZZ31458AMBARCAMEL,22,2025,enero
ZZZ31459AMBARLEOPARD,21,2025,enero
ZZZ31460PENNYBLACK,10,2025,enero
ZZZ31464WARBLACK,2,2025,enero
ZZZ31465WARWHITE,2,2025,enero
ZZZ31466WARPINK,2,2025,enero
ZZZ31467WARWINERED,1,2025,enero
ZZZ31470ARMINBLACK,1,2025,enero
ZZZ31472AGNABLACK,23,2025,enero
ZZZ31479PEACEBLACK,2,2025,enero
ZZZ31480PEACEPINK,1,2025,enero
ZZZ31481FURORBLACK,10,2025,enero
ZZZ31483TARABLACK,5,2025,enero
ZZZ31489KATANABLACK,11,2025,enero
ZZZ31490KATANACOFFEE,5,2025,enero
ZZZ31491GRETILEOPARD,11,2025,enero
ZZZ31493CALIBLACK,1,2025,enero
ZZZ31494CALIGREEN,4,2025,enero
ZZZ31494LUTZGREY,1,2025,enero
ZZZ31495CALICAMEL,14,2025,enero
ZZZ31497SERRACAMEL,7,2025,enero
ZZZ31498SERRAPINK,10,2025,enero
ZZZ31500KURTKHAKI,8,2025,enero
ZZZ31501OTTOBLACK,5,2025,enero
ZZZ31502OTTONAVY,5,2025,enero
ZZZ31503OTTOGREY,2,2025,enero
ZZZ31504WALTERKHAKI,1,2025,enero
ZZZ31507NEWMARCOSNAVY,2,2025,enero
ZZZ31513MOLERCHIPOROCAM,3,2025,enero
ZZZ31521HILDABROWN,3,2025,enero
ZZZ31524GRETABROWN,5,2025,enero
ZZZ31526TERRYBLACK,1,2025,enero
ZZZ31528TERRYGREY,4,2025,enero
ZZZ31530PHILLIPGREY,2,2025,enero
ZZZ31535ERINBLACK,1,2025,enero
ZZZ31540JAYBLACK,1,2025,enero
ZZZ31542ALICEBURGUNDY,3,2025,enero
ZZZ31556MICALCOFFEE,1,2025,enero
ZZZ31567MOONREDWINE,1,2025,enero
ZZZ31569MOONGREEN,2,2025,enero
ZZZ31575ONDRAROSERED,2,2025,enero
ZZZ31576ONDRAGREY,1,2025,enero
ZZZ31579ASHIMABLACK,1,2025,enero
ZZZ31580ASHIMABROWN,2,2025,enero
ZZZ31583DOGONCAMEL,11,2025,enero
ZZZ31584ALIWENCAQUI,1,2025,enero
ZZZ31585ALIWENYELLOW,1,2025,enero
ZZZ31597MAHUIDAGREY,2,2025,enero
ZZZ31602HARBINBLACK,5,2025,enero
ZZZ31605ROVANIMCAQUI,3,2025,enero
ZZZ31606ROVANIMCOFFEE,9,2025,enero
ZZZ31607ROVANIMCAMEL,1,2025,enero
ZZZ31610ESTONIAGREY,2,2025,enero
ZZZ31612DONNABLACK,1,2025,enero
ZZZ31613DONNABURDEO,1,2025,enero
ZZZ31635LINOBLACK,1,2025,enero
ZZZ31636LINONAVY,1,2025,enero
ZZZ31637LINOCOFFEE,1,2025,enero
ZZZ31640OUTDOORBLACK,7,2025,enero
ZZZ31650MARIONGREY,3,2025,enero
ZZZ31674BOLANDCAMEL,3,2025,enero
ZZZ31675MICKCAMEL,2,2025,enero
ZZZ31677MICKBLACK,3,2025,enero
ZZZ31678BOLANDKHAKI,1,2025,enero
ZZZ31679BOLANDBLACK,4,2025,enero
ZZZ31683MARYPATGREY,1,2025,enero
ZZZ31714CAMILOBLACK,1,2025,enero
ZZZ31732LOUIEBLACKORANG,2,2025,enero
ZZZ31765JOACOBLACK,12,2025,enero
ZZZ31771MERALDBLACK,5,2025,enero
ZZZ31772MERALDBROWN,14,2025,enero
ZZZ31774FELPUCOFFEE,4,2025,enero
ZZZ31775FELPUBLACK,1,2025,enero
ZZZ31776FELPUCAMEL,3,2025,enero
ZZZ31778CLIMBBROWN,1,2025,enero
ZZZ31779CLIMBWINERED,2,2025,enero
ZZZ31795NALABLACK,3,2025,enero
ZZZ31796MERALDKHAKI,2,2025,enero
ZZZ31830VARMONAVY,2,2025,enero
ZZZ31831VARMOGREY,2,2025,enero
ZZZ31838OUTDOORKHAKI,2,2025,enero
ZZZ31839LONGIRLBLACK,1,2025,enero
ZZZ31839OUTDOORBLUE,3,2025,enero
ZZZ31850MONTADORBLACK,16,2025,enero
ZZZ31859ZEPOREDBROWN,2,2025,enero
ZZZ31861CHELLINGREY,3,2025,enero
ZZZ31863KRETOBLACK,2,2025,enero
ZZZ31868TROCABLACK,1,2025,enero
ZZZ31869QUILICOFFEE,6,2025,enero
ZZZ31872HETTABLACK,3,2025,enero
ZZZ31874HETTACAMEL,3,2025,enero
ZZZ31879TYRABLACK,2,2025,enero
ZZZ31881YANICAQUI,2,2025,enero
ZZZ31885RIBUNBEIGE,2,2025,enero
ZZZ31886RIBUNBLACK,1,2025,enero
ZZZ31890EDUARBLACK,1,2025,enero
ZZZ31892EDUARGREY,1,2025,enero
ZZZ31892YEPOCAMEL,1,2025,enero
ZZZ31899BRETZBLACK,3,2025,enero
ZZZ31911YELIXBLACK,34,2025,enero
ZZZ31912YELIXWINE,21,2025,enero
ZZZ31913YELIXCAMEL,37,2025,enero
ZZZ31917PAULIBLACK,5,2025,enero
ZZZ31927SAIKPURPLE,2,2025,enero
ZZZ31932NINOSKACOFFEE,20,2025,enero
ZZZ31933NINOSKABLACK,4,2025,enero
ZZZ31934ROMANEBLACK,2,2025,enero
ZZZ31943VALIBCAMEL,4,2025,enero
ZZZ31944VALIBBLACK,5,2025,enero
ZZZ31947GUSSWHITE,5,2025,enero
ZZZ31948GUSSBLACK,4,2025,enero
ZZZ31967GOGAWHITE,11,2025,enero
ZZZ31974CURCUBLACK,20,2025,enero
ZZZ31981MARABLACK,1,2025,enero
ZZZ31983DIVINEBLACK,12,2025,enero
ZZZ31984RONIEBLACK,1,2025,enero
ZZZ31986RONIERED,4,2025,enero
ZZZ31987MEIKRED,1,2025,enero
ZZZ31991MEGARABLUE,1,2025,enero
ZZZ31997ELIAPINK,1,2025,enero
ZZZ31998ELIABLACK,4,2025,enero
ZZZ32020ACIAYELLOW,1,2025,enero
ZZZ32023AMBARPINK,2,2025,enero
ZZZ32033VICOBLACK,1,2025,enero
ZZZ32034VICOBEIGE,1,2025,enero
ZZZ32035VICOPINK,1,2025,enero
ZZZ32041KAILPINK,1,2025,enero
ZZZ32049COLLBROWN,2,2025,enero
ZZZ32050COLLPINK,3,2025,enero
ZZZ32054SALMABLACK,1,2025,enero
ZZZ32056SALMABROWN,2,2025,enero
ZZZ32063AUREASILVER,2,2025,enero
ZZZ32064AUREABLACK,4,2025,enero
ZZZ32065AUREABLUE,4,2025,enero
ZZZ32067LATIFABLACK,3,2025,enero
ZZZ32069NEREAPINK,6,2025,enero
ZZZ32071NEREAWHITE,5,2025,enero
ZZZ32073TITIGOLD,4,2025,enero
ZZZ32074TITIBLACK,1,2025,enero
ZZZ32075TITIWHITE,4,2025,enero
ZZZ32076GAGARED,1,2025,enero
ZZZ32077GAGABLACK,1,2025,enero
ZZZ32086AMINAALMOND,1,2025,enero
ZZZ32087AMINAYELLOW,1,2025,enero
ZZZ32089AMINAWHITE,2,2025,enero
ZZZ32092ZAIRAROSE,5,2025,enero
ZZZ32098KUYENGREY,2,2025,enero
ZZZ32100KUYENRED,1,2025,enero
ZZZ32111ROCHPINK,1,2025,enero
ZZZ32112ROCHBLACK,1,2025,enero
ZZZ32114FASTINWHITE,1,2025,enero
ZZZ32116ANYIYELLOW,1,2025,enero
ZZZ32116RANONIBROWN,13,2025,enero
ZZZ32118RANONIBLACK,17,2025,enero
ZZZ32119RINABLACK,10,2025,enero
ZZZ32121DINAPINK,2,2025,enero
ZZZ32121YALYBLACK,1,2025,enero
ZZZ32123YALYGREY,2,2025,enero
ZZZ32124RAXELLABLACK,1,2025,enero
ZZZ32126AINAPINK,1,2025,enero
ZZZ32126KORZULEOPARD,16,2025,enero
ZZZ32127KORZUCAMEL,7,2025,enero
ZZZ32130DIKAKHAKI,1,2025,enero
ZZZ32131AITANANAVY,1,2025,enero
ZZZ32134ZAKIABLACK,1,2025,enero
ZZZ32136MAZZABLAC,1,2025,enero
ZZZ32137MAZZACOFFE,2,2025,enero
ZZZ32139ZUCCABLAC,2,2025,enero
ZZZ32140ZUCCACOFFE,6,2025,enero
ZZZ32141ZUCCABROW,4,2025,enero
ZZZ32142ELLENBLAC,4,2025,enero
ZZZ32143ELLENCOFFE,1,2025,enero
ZZZ32144ELLENBROW,5,2025,enero
ZZZ32145MARITTBLAC,16,2025,enero
ZZZ32146MARITTBROW,6,2025,enero
ZZZ32147MARITTCOFFE,4,2025,enero
ZZZ32153SORAYABLAC,20,2025,enero
ZZZ32154SORAYAGRE,4,2025,enero
ZZZ32155SORAYANAV,2,2025,enero
ZZZ32158YULIMARON,1,2025,enero
ZZZ32159THAISBLAC,1,2025,enero
ZZZ32160DENALIDARKBROWN,1,2025,enero
ZZZ32161DENALICOFFEE,3,2025,enero
ZZZ32162TALINAPIN,4,2025,enero
ZZZ32163YULIBLAC,3,2025,enero
ZZZ32166FRIDAPIN,3,2025,enero
ZZZ32167FRIDABLAC,1,2025,enero
ZZZ32168GIULIABLAC,4,2025,enero
ZZZ32169GIULIAMAROON,2,2025,enero
ZZZ32169VEROBLACK,2,2025,enero
ZZZ32170ZULLYPURPLE,8,2025,enero
ZZZ32171JACOBOBLACK,8,2025,enero
ZZZ32172ASARANAVY,1,2025,enero
ZZZ32173BYLURCAMEL,14,2025,enero
ZZZ32173JANAFUCSIA,1,2025,enero
ZZZ32175ASARABLACK,1,2025,enero
ZZZ32178LUCIANABLACK,2,2025,enero
ZZZ32179IGNACIAWHITE,5,2025,enero
ZZZ32181ELIDEBLACK,12,2025,enero
ZZZ32181MILAMAROON,3,2025,enero
ZZZ32182AYLEENBLACK,24,2025,enero
ZZZ32182MILAGREY,4,2025,enero
ZZZ32183AYLEENWHITE,18,2025,enero
ZZZ32184RUBENKHAKI,9,2025,enero
ZZZ32185ALMYCAFE,2,2025,enero
ZZZ32185RUBENBLACK,2,2025,enero
ZZZ32186ALMYBLACK,24,2025,enero
ZZZ32186FABIOLABLACK,1,2025,enero
ZZZ32187FABIOLACARAMEL,15,2025,enero
ZZZ32187ZAIDABLACK,1,2025,enero
ZZZ32188ROUSBLACK,2,2025,enero
ZZZ32189ALIDANAVY,8,2025,enero
ZZZ32189LIONELBROWN,3,2025,enero
ZZZ32190ALIDABURGUNDY,2,2025,enero
ZZZ32190NERVABLACK,6,2025,enero
ZZZ32191AGATABLACK,1,2025,enero
ZZZ32191LUCIANBROWN,1,2025,enero
ZZZ32191NERVANAVY,3,2025,enero
ZZZ32192LUCIANBLACK,2,2025,enero
ZZZ32192OMINYELLOW,2,2025,enero
ZZZ32193ANAHIBLACK,2,2025,enero
ZZZ32194PILYMAROON,3,2025,enero
ZZZ32195PILYBLACK,7,2025,enero
ZZZ32196NARIOBROWN,1,2025,enero
ZZZ32198ZAIABLACK,8,2025,enero
ZZZ32199ELIDEWHITE,56,2025,enero
ZZZ32199ZAIANAVY,1,2025,enero
ZZZ32200FLIPURKHAKI,1,2025,enero
ZZZ32200LINAPINK,2,2025,enero
ZZZ32201KUNIKWINERED,1,2025,enero
ZZZ32201LINABLACK,1,2025,enero
ZZZ32202KUNIKNAVY,1,2025,enero
ZZZ32204MARENBLACK,1,2025,enero
ZZZ32204YELINAGREY,1,2025,enero
ZZZ32205GERDCAMEL,1,2025,enero
ZZZ32206GERDBEIGE,2,2025,enero
ZZZ32206NILAHWHITE,1,2025,enero
ZZZ32206YELINANAVY,1,2025,enero
ZZZ32207GERDBLACK,3,2025,enero
ZZZ32207YELINABLACK,1,2025,enero
ZZZ32208AMIRANAVY,1,2025,enero
ZZZ32208GERDBROWN,1,2025,enero
ZZZ32209AMIRAGREY,7,2025,enero
ZZZ32209LARSCAMEL,2,2025,enero
ZZZ32209QUIMBAYABLACK,10,2025,enero
ZZZ32210AMIRABLACK,5,2025,enero
ZZZ32210QUIMBAYABROWN,3,2025,enero
ZZZ32212QUIMBAYAKHAKI,8,2025,enero
ZZZ32213ARENCAMEL,3,2025,enero
ZZZ32213QUIMBAYAGREY,4,2025,enero
ZZZ32214ARENGREY,1,2025,enero
ZZZ32214LEIVABLACK,9,2025,enero
ZZZ32214LYABLACK,41,2025,enero
ZZZ32215IVARBLACKWHITE,2,2025,enero
ZZZ32215LEIVABROWN,3,2025,enero
ZZZ32216LEIVANAVY,10,2025,enero
ZZZ32216LULUBLACK,1,2025,enero
ZZZ32216RIELAGREY,2,2025,enero
ZZZ32217LEIVAGREY,11,2025,enero
ZZZ32217LULUBLUE,2,2025,enero
ZZZ32217RIELAPINK,2,2025,enero
ZZZ32218KASPERBLACK,1,2025,enero
ZZZ32218POLETTEBLACK,5,2025,enero
ZZZ32218RIELABLUE,2,2025,enero
ZZZ32219RIELABLACK,2,2025,enero
ZZZ32220ANDRAMAROON,58,2025,enero
ZZZ32220EBOLETHPINK,1,2025,enero
ZZZ32221ANDRAPINK,1,2025,enero
ZZZ32221EBOLETHGREY,6,2025,enero
ZZZ32222ANDRABLACK,1,2025,enero
ZZZ32223ACALIABEIGE,4,2025,enero
ZZZ32223ANDRANAVY,2,2025,enero
ZZZ32225ARELINAVY,5,2025,enero
ZZZ32225MESNERREDBROWN,1,2025,enero
ZZZ32226ARELIBLACK,1,2025,enero
ZZZ32226BRISAGREEN,8,2025,enero
ZZZ32228BONNIEBEIGE,2,2025,enero
ZZZ32228GUATAPEBLACK,6,2025,enero
ZZZ32229BONATBLACK,1,2025,enero
ZZZ32229MENICABLACK,3,2025,enero
ZZZ32229NIAWHITE,2,2025,enero
ZZZ32230EMYNAVY,1,2025,enero
ZZZ32230GASTONBLACK,1,2025,enero
ZZZ32231GUATAPEKHAKI,2,2025,enero
ZZZ32231IVETTEBLACK,2,2025,enero
ZZZ32231SARILBEIGE,1,2025,enero
ZZZ32232RODNYBLACK,6,2025,enero
ZZZ32232TEBAIDABLACK,17,2025,enero
ZZZ32232TIMYBLACK,1,2025,enero
ZZZ32233RODNYCOFFEE,1,2025,enero
ZZZ32233TIMYBEIGE,2,2025,enero
ZZZ32234TEBAIDADBEIGE,2,2025,enero
ZZZ32235ORIANAGREY,12,2025,enero
ZZZ32235TEBAIDABEIGE,2,2025,enero
ZZZ32236BRIANNABROWN,2,2025,enero
ZZZ32236IRENEBLACK,2,2025,enero
ZZZ32236TEBAIDANAVY,20,2025,enero
ZZZ32237LEDANAVY,1,2025,enero
ZZZ32237TEBAIDAKHAKI,1,2025,enero
ZZZ32238JORDINABLACK,25,2025,enero
ZZZ32239JORDINACAMEL,3,2025,enero
ZZZ32240JORDINABROWN,8,2025,enero
ZZZ32241ALICIABLACK,9,2025,enero
ZZZ32241ARIACAMEL,2,2025,enero
ZZZ32241RANIAKHAKI,12,2025,enero
ZZZ32242ALICIABLUE,6,2025,enero
ZZZ32242RANIACAMEL,4,2025,enero
ZZZ32243ALICIABEIGE,3,2025,enero
ZZZ32243ARMENIABLACK,8,2025,enero
ZZZ32243ESTELABLACK,10,2025,enero
ZZZ32244ANDRINABEIGE,6,2025,enero
ZZZ32244ARMENIABROWN,3,2025,enero
ZZZ32244DANAEBLACK,1,2025,enero
ZZZ32245ANDRINACAMEL,2,2025,enero
ZZZ32245ARMENIABEIGE,6,2025,enero
ZZZ32245DANAECAMEL,9,2025,enero
ZZZ32246ARMENIAGREY,5,2025,enero
ZZZ32246EDNABEIGE,11,2025,enero
ZZZ32246INESBLACK,5,2025,enero
ZZZ32246LETICIABROWN,1,2025,enero
ZZZ32247EDNACAMEL,16,2025,enero
ZZZ32247INESCAMEL,1,2025,enero
ZZZ32247LETICIACOFFEE,5,2025,enero
ZZZ32248DORACAMEL,3,2025,enero
ZZZ32249ARACELICAMEL,6,2025,enero
ZZZ32249DORAMARRON,1,2025,enero
ZZZ32250DORABLACK,3,2025,enero
ZZZ32250IDAIRABLACK,10,2025,enero
ZZZ32251IDAIRACAMEL,1,2025,enero
ZZZ32251KATRINABROWN,1,2025,enero
ZZZ32251MELLEABROWN,19,2025,enero
ZZZ32251PRAGABLACK,5,2025,enero
ZZZ32252IVYPINK,11,2025,enero
ZZZ32252KATRINABLACK,4,2025,enero
ZZZ32252MELLEAGREEN,19,2025,enero
ZZZ32253MELLEABLACK,47,2025,enero
ZZZ32254DANACAMEL,25,2025,enero
ZZZ32254IVANNABLACK,11,2025,enero
ZZZ32254LLANERABLACK,10,2025,enero
ZZZ32254MELLEALIGHTGREY,4,2025,enero
ZZZ32255IVANNACOFFEE,1,2025,enero
ZZZ32255ORAZIBLACK,106,2025,enero
ZZZ32256IVANNAAPRICOT,8,2025,enero
ZZZ32256ORAZIGREEN,13,2025,enero
ZZZ32256VANESSAGREY,3,2025,enero
ZZZ32257ADARABLACK,1,2025,enero
ZZZ32257ORAZIBROWN,12,2025,enero
ZZZ32257VANESSABLACK,4,2025,enero
ZZZ32258DIANACOFFEE,1,2025,enero
ZZZ32258LARISABLACK,2,2025,enero
ZZZ32258ORAZIKHAKI,38,2025,enero
ZZZ32259ABIGAILBLACK,3,2025,enero
ZZZ32259DIANABLACK,3,2025,enero
ZZZ32260GASPARBLACK,1,2025,enero
ZZZ32261GASPARCAMEL,2,2025,enero
ZZZ32261MANIZALESBLACK,4,2025,enero
ZZZ32264PEREIRABLACK,12,2025,enero
ZZZ32265PASCALBLACK,11,2025,enero
ZZZ32266PASCALWHITE,5,2025,enero
ZZZ32266SINUBLACK,4,2025,enero
ZZZ32267TIANNEBLACK,6,2025,enero
ZZZ32268SINUBEIGE,29,2025,enero
ZZZ32269JAVABLACK,5,2025,enero
ZZZ32269SINUBROWN,1,2025,enero
ZZZ32270LEONORBLACK,7,2025,enero
ZZZ32270MONGUIBLACK,7,2025,enero
ZZZ32270SILASNAVY,1,2025,enero
ZZZ32271MONGUINAVY,3,2025,enero
ZZZ32271PRISCABLACK,1,2025,enero
ZZZ32272MONGUIGREY,2,2025,enero
ZZZ32272PRISCAKHAKI,1,2025,enero
ZZZ32273MONGUICAMEL,3,2025,enero
ZZZ32274PAIPABLACK,19,2025,enero
ZZZ32275PAIPAGREY,5,2025,enero
ZZZ32276HENRYBLACK,1,2025,enero
ZZZ32276PAIPABEIGE,5,2025,enero
ZZZ32276SALOMEBLACK,10,2025,enero
ZZZ32277HENRYNAVY,2,2025,enero
ZZZ32277SALOMECAMEL,3,2025,enero
ZZZ32278NOBSANAVY,2,2025,enero
ZZZ32278SANTINOBLACK,4,2025,enero
ZZZ32279NOBSAGREY,10,2025,enero
ZZZ32280MAXIMOGREY,1,2025,enero
ZZZ32280NOBSABEIGE,8,2025,enero
ZZZ32281CIENAGABLACK,13,2025,enero
ZZZ32282CIENAGAGREY,1,2025,enero
ZZZ32282PIEROALLBLACK,1,2025,enero
ZZZ32283ANTONELLABLACK,1,2025,enero
ZZZ32283CIENAGABEIGE,1,2025,enero
ZZZ32283PIEROBLACKWHITE,1,2025,enero
ZZZ32284CIENAGAFUCSIA,4,2025,enero
ZZZ32284EROSAZUL,1,2025,enero
ZZZ32284PIERODARKGREY,2,2025,enero
ZZZ32285DARIENBLACK,52,2025,enero
ZZZ32285PIERODARKNAVY,1,2025,enero
ZZZ32286DARIENNAVY,24,2025,enero
ZZZ32286ELEONORBLACK,3,2025,enero
ZZZ32286KOEMANKHAKI,2,2025,enero
ZZZ32287DARIENGREY,7,2025,enero
ZZZ32287KOEMANBLACKORANGE,2,2025,enero
ZZZ32287SAMANTABLACK,5,2025,enero
ZZZ32288DARIENBEIGE,16,2025,enero
ZZZ32288LIAMDARKGREY,3,2025,enero
ZZZ32288SAMANTABROWN,11,2025,enero
ZZZ32289DARIENROSE,9,2025,enero
ZZZ32289NATHANALLBLACK,1,2025,enero
ZZZ32290NATHANBLACKGREY,3,2025,enero
ZZZ32291NATHANDGREY,2,2025,enero
ZZZ32293PAOLODARKBLUE,1,2025,enero
ZZZ32294AGUSTINALLBLACK,3,2025,enero
ZZZ32295PAOLOBLACKRED,1,2025,enero
ZZZ32296AGUSTINBLACKWHITE,1,2025,enero
ZZZ32297CINNIABLACK,10,2025,enero
ZZZ32299KANSASDGREY,1,2025,enero
ZZZ32300ALONSOBLACK,1,2025,enero
ZZZ32300VIVIANCOFFEE,1,2025,enero
ZZZ32301VIVIANCAMEL,1,2025,enero
ZZZ32303ZACKDARKGREY,3,2025,enero
ZZZ32304SELENABLACK,1,2025,enero
ZZZ32304ZACKBLACK,1,2025,enero
ZZZ32305DAILAPINK,1,2025,enero
ZZZ32308PASADENABLACK,2,2025,enero
ZZZ32310MAYRABLUE,2,2025,enero
ZZZ32313AVENTURABROWN,4,2025,enero
ZZZ32313DANITZALILAC,1,2025,enero
ZZZ32314AVENTURABURGUND,2,2025,enero
ZZZ32315ENRIQUETALIGHTPURPLE,2,2025,enero
ZZZ32316REFUGIOBLACK,5,2025,enero
ZZZ32317REFUGIOCAMEL,1,2025,enero
ZZZ32317THIAGOREDBROWN,10,2025,enero
ZZZ32318REFUGIODBROWN,1,2025,enero
ZZZ32319LIMONARBLACK,2,2025,enero
ZZZ32319MATEOREDBROWN,43,2025,enero
ZZZ32320JOVITANAVY,1,2025,enero
ZZZ32320LIMONARCAMEL,1,2025,enero
ZZZ32320MATEOCOFFEE,2,2025,enero
ZZZ32321ARCHIEREDBROWN,4,2025,enero
ZZZ32321LUCINDANAVY,2,2025,enero
ZZZ32322ARCHIECAMEL,2,2025,enero
ZZZ32323CIROREDBROWN,4,2025,enero
ZZZ32324AINOADBROWN,3,2025,enero
ZZZ32325EIRABLACK,3,2025,enero
ZZZ32325KARINBLACK,1,2025,enero
ZZZ32325NEWRAZOPRINTRED,2,2025,enero
ZZZ32326EIRACOFFEE,1,2025,enero
ZZZ32326KARINBROWN,1,2025,enero
ZZZ32327NEWNATYWINERED,2,2025,enero
ZZZ32327YADIBLACK,3,2025,enero
ZZZ32328YADIBROWN,3,2025,enero
ZZZ32331FANNARCAMEL,2,2025,enero
ZZZ32334ZANEBLACK,2,2025,enero
ZZZ32335ZANEBROWN,1,2025,enero
ZZZ32345COLEBLACK,4,2025,enero
ZZZ32346COLECAMEL,1,2025,enero
ZZZ32347ALDERBLACKGREEN,10,2025,enero
ZZZ32349BARANCOFFEE,2,2025,enero
ZZZ32350NEWORAZIBROWN,4,2025,enero
ZZZ32354LUABLACK,1,2025,enero
ZZZ32358NAYARABLACK,1,2025,enero
ZZZ32359NAYARABLUE,1,2025,enero
ZZZ32362LAYLABLACK,4,2025,enero
ZZZ32364LAYLADARKBLUE,2,2025,enero
ZZZ32365LAYLACLARETRED,3,2025,enero
ZZZ32366ARLEYSBLACK,19,2025,enero
ZZZ32367ARLEYSBEIGE,2,2025,enero
ZZZ32368ARLEYSKHAKI,7,2025,enero
ZZZ32369MARILYBLACK,7,2025,enero
ZZZ32370MARILYBEIGE,1,2025,enero
ZZZ32373GIANNACAMEL,2,2025,enero
ZZZ32379BAYOLETHPINK,1,2025,enero
ZZZ32380BAYOLETHKHAKI,1,2025,enero
ZZZ32384LINETTECAMEL,7,2025,enero
ZZZ32386LINETTEGRAY,3,2025,enero
ZZZ32388DYLANBLACK,1,2025,enero
ZZZ32389DYLANDKBLUE,1,2025,enero
ZZZ32395MERVEBLACK,1,2025,enero
ZZZ32400MARIOMENBLACKWHITE,2,2025,enero
ZZZ32406EMINEBLACKGREY,1,2025,enero
ZZZ32415KIDADELINEBLACK,1,2025,enero
ZZZ32416EMELYBLACK,1,2025,enero
ZZZ32417ARTHURBLACK,1,2025,enero
ZZZ32418LOURDESBLACK,2,2025,enero
ZZZ32419LOURDESGREEN,1,2025,enero
ZZZ32420LOURDESWHITE,1,2025,enero
ZZZ32421MAURAALLBLACK,14,2025,enero
ZZZ32422MAURABLACK,16,2025,enero
ZZZ32423FELICIABLACK,9,2025,enero
ZZZ32424CRISTYLIGHTBLUE,1,2025,enero
ZZZ32425ASHLEYBLACK,1,2025,enero
ZZZ32428MAILYBLACK,1,2025,enero
ZZZ32431TAYRABLACK,1,2025,enero
ZZZ32433JOYCEDENIMBLUE,3,2025,enero
ZZZ32434NAOMYWHITE,2,2025,enero
ZZZ32437KEILYBLACK,1,2025,enero
ZZZ32439KEILYBROWN,2,2025,enero
ZZZ32439NILDABLACK,2,2025,enero
ZZZ32440NILDAWHITE,1,2025,enero
ZZZ32441AMPAROBLACK,6,2025,enero
ZZZ32442AMPAROWHITE,2,2025,enero
ZZZ32443AMPAROPURPLE,5,2025,enero
ZZZ32444AMPAROBEIGE,5,2025,enero
ZZZ32445JUNENEGRO,1,2025,enero
ZZZ32446HAZELNEGRO,2,2025,enero
ZZZ32447CALLIOPENEGRO,3,2025,enero
ZZZ32454GEORGEBLACK,1,2025,enero
ZZZ32456FRANKBLACK,1,2025,enero
ZZZ32456LUPEGREEN,2,2025,enero
ZZZ32458NEWVITIAWHITE,1,2025,enero
ZZZ32462CAYETANACHAMPANGNE,26,2025,enero
ZZZ32462LEXIEWHITE,2,2025,enero
ZZZ32464TATIANAWHITE,2,2025,enero
ZZZ32466MARCHBLACK,2,2025,enero
ZZZ32471MINKAWHITE,1,2025,enero
ZZZ32472ALISHAYELLOW,5,2025,enero
ZZZ32472MINKABEIGE,2,2025,enero
ZZZ32474NAYLAAPRICOT,3,2025,enero
ZZZ32475CALISTAYELLOW,1,2025,enero
ZZZ32477NIKAIBEIGE,1,2025,enero
ZZZ32478MONSEBLACK,1,2025,enero
ZZZ32480MENCIABLACK,4,2025,enero
ZZZ32481ARGUSBLACK,6,2025,enero
ZZZ32483ARIELAWHITE,1,2025,enero
ZZZ32485CRISTELBLACK,1,2025,enero
ZZZ32485TELMACAMEL,7,2025,enero
ZZZ32486CALANDRABLACK,1,2025,enero
ZZZ32488SANDERALLBLACK,1,2025,enero
ZZZ32490JULENEBLACK,1,2025,enero
ZZZ32492KARIMCOFFEE,2,2025,enero
ZZZ32493TADEOREDBROWN,1,2025,enero
ZZZ32496KAMALREDBROWN,2,2025,enero
ZZZ32496MELINAVERDE,8,2025,enero
ZZZ32497KAMALKHAKI,1,2025,enero
ZZZ32498ARGUSBROWN,5,2025,enero
ZZZ32499ELLIOTBLACK,1,2025,enero
ZZZ32499RISTELBLACK,1,2025,enero
ZZZ32500MABELBEIGE,2,2025,enero
ZZZ32501ELLIOTKHAKI,1,2025,enero
ZZZ32502BRIDGETCAMEL,4,2025,enero
ZZZ32505JAKEBLACK,3,2025,enero
ZZZ32508MAGDALENABEIGE,1,2025,enero
ZZZ32512MARPINK,2,2025,enero
ZZZ32514FELISABLACK,3,2025,enero
ZZZ32514UZIELWHITE,2,2025,enero
ZZZ32515MONTSERRATPINK,3,2025,enero
ZZZ32516UZIELBLACK,2,2025,enero
ZZZ32517TRINIDADDENIMDKBLUE,1,2025,enero
ZZZ32518ALANBLKJEANS,6,2025,enero
ZZZ32521CAETANOKHAKI,1,2025,enero
ZZZ32523CAETANOBLACK,3,2025,enero
ZZZ32524TRISTANNAVY,1,2025,enero
ZZZ32525BLANCHETCAMEL,3,2025,enero
ZZZ32525TRISTANBLACK,3,2025,enero
ZZZ32527MERYLPINK,6,2025,enero
ZZZ32528DIDESPINK,2,2025,enero
ZZZ32529TWIGGYRED,6,2025,enero
ZZZ32531GEORGINABROWN,21,2025,enero
ZZZ32534CARLOTABLACK,1,2025,enero
ZZZ32536ARLETKHAKI,1,2025,enero
ZZZ32537RAQUELBROWN,2,2025,enero
ZZZ32538ARLETBLACK,1,2025,enero
ZZZ32538MARGARITALBLUE,1,2025,enero
ZZZ32539MONICACAMEL,2,2025,enero
ZZZ32541ASTRIDBLACK,1,2025,enero
ZZZ32545ELADIARED,2,2025,enero
ZZZ32545GEMMABLACK,3,2025,enero
ZZZ32547ANGELESBLACK,1,2025,enero
ZZZ32547GINETTEBLACK,7,2025,enero
ZZZ32548ANGELESWHITE,3,2025,enero
ZZZ32550ANGELESBEIGE,2,2025,enero
ZZZ32551MARTINARED,1,2025,enero
ZZZ32552CAMELIALBEIGE,1,2025,enero
ZZZ32553CAMELIAWHITE,1,2025,enero
ZZZ32556HORTENSIAWHITE,2,2025,enero
ZZZ32557HORTENSIAKHAKI,1,2025,enero
ZZZ32559MAGDALENACAMEL,2,2025,enero
ZZZ32561MIREIAPINK,3,2025,enero
ZZZ32563JIMENAORANGE,2,2025,enero
ZZZ32566CATALEYACORAL,1,2025,enero
ZZZ32568OLGAPINK,2,2025,enero
ZZZ32570DANIELABLACK,1,2025,enero
ZZZ32579MIRRENBROWN,1,2025,enero
ZZZ32590BAILEYRED,3,2025,enero
ZZZ32593CRISTIANBLACK,1,2025,enero
ZZZ32594MATIASBLACK,2,2025,enero
ZZZ32598MILENAWHITE,2,2025,enero
ZZZ32601IRIACAMEL,1,2025,enero
ZZZ32607CATALEYAGREEN,2,2025,enero
ZZZ32611DANIELAKHAKI,1,2025,enero
ZZZ32676ANYABLACK,1,2025,enero
ZZZ32681AVISCAMEL,1,2025,enero
ZZZ32684AYLACAMEL,1,2025,enero
ZZZ32685BETSABEBLACK,16,2025,enero
ZZZ32686BETSABEKHAKI,3,2025,enero
ZZZ32691DARACAMEL,1,2025,enero
ZZZ32693DARAKHAKI,1,2025,enero
ZZZ32696ELODIEBLACK,1,2025,enero
ZZZ32697GONZALOBLACK,11,2025,enero
ZZZ32701IKERBROWN,2,2025,enero
ZZZ32711NEIZANBROWN,4,2025,enero
ZZZ32714ISAACBLACK,1,2025,enero
ZZZ32715ARNAUCOFFEE,1,2025,enero
ZZZ32717ARNAUBLACK,1,2025,enero
ZZZ32718JONBLACK,4,2025,enero
ZZZ32719NEIZANBLACK,3,2025,enero
ZZZ32721NADINEBLACK,2,2025,enero
ZZZ32726NAKIADBLUE,4,2025,enero
ZZZ32729NESSACARAMEL,11,2025,enero
ZZZ32733TABITACAMEL,1,2025,enero
ZZZ32750LETIZIABLACK,2,2025,enero
ZZZ32783LANDERCOFFE,1,2025,enero
ZZZ32790DARIELCOFFE,1,2025,enero
ZZZ32793REVABLACK,1,2025,enero
ZZZ32799REVAGRAY,2,2025,enero
ZZZ32800EITANCOFFE,2,2025,enero
ZZZ32807IKERKHAKI,4,2025,enero
ZZZ32808IKERBLACK,1,2025,enero
ZZZ32814ENORAKHAKI,1,2025,enero
ZZZ32816ELIZABLACK,2,2025,enero
ZZZ32820SAULABLACK,6,2025,enero
ZZZ32821GLENDABLACK,1,2025,enero
ZZZ32824ANDERBLACK,7,2025,enero
ZZZ32833FRANCABEIGE,1,2025,enero
ZZZ32835MILKAGRAY,2,2025,enero
ZZZ32837YONEBLACK,2,2025,enero
ZZZ32840BENONIBLACK,1,2025,enero
ZZZ32841BENONICOFFE,1,2025,enero
ZZZ32843BENONIKHAKI,3,2025,enero
ZZZ32845ANDERBLUE,2,2025,enero
ZZZ32848MILTONBLUE,1,2025,enero
ZZZ32850VITOBLACK,1,2025,enero
ZZZ32851VITODARKBEIGE,1,2025,enero
ZZZ32866JAMILABLACK,3,2025,enero
ZZZ32874SHARONROSE,1,2025,enero
ZZZ32904FEBEDARKCOFFE,1,2025,enero
ZZZ32909KRISTENDARKCOFFE,2,2025,enero
ZZZ32920RYUREDCOFFE,1,2025,enero
ZZZ32933URSABLACK,2,2025,enero
ZZZ32939VESACOFFE,2,2025,enero
ZZZ32955JERSONCOFFE,3,2025,enero
ZZZ32957ARIANCOFFE,3,2025,enero
ZZZ32960FAINACOFFE,1,2025,enero
ZZZ32961FAINABLACK,1,2025,enero
ZZZ32980ARENECOFFE,1,2025,enero
ZZZ32982ARENEBLACK,1,2025,enero
ZZZ32987DIONISIABLACK,2,2025,enero
ZZZ32989EDESIACOFFE,7,2025,enero
ZZZ32990EDESIABROWN,8,2025,enero
ZZZ32991EDESIABLACK,8,2025,enero
ZZZ32992FABIABROWN,1,2025,enero
ZZZ32994FAUSTABLACK,1,2025,enero
ZZZ32999ARWENBEIGE,1,2025,enero
ZZZ33012CORDELIACAMEL,1,2025,enero
ZZZ33014BENAZIRKHAKI,1,2025,enero
ZZZ33016LUCEROBLACK,3,2025,enero
ZZZ33019ANGIEGRAY,1,2025,enero
ZZZ33021JENIFFERCOFFE,1,2025,enero
ZZZ33026CALVINBLACK,1,2025,enero
ZZZ33037HIKARIBLACK,5,2025,enero
ZZZ33066FUMICONEGRO,1,2025,enero
ZZZ33076JUNBLACKGAMUZA,1,2025,enero
ZZZ33101AKEMINEGRO,2,2025,enero
ZZZ33105KATSUBLACK,1,2025,enero
ZZZ33120FUJIBLACK,1,2025,enero
ZZZ33121ESHIMABLACK,2,2025,enero
ZZZ33130SUZUMENEGRO,3,2025,enero
ZZZ33133TAKAKOBLACK,3,2025,enero
ZZZ33148DOMINIKEBLACK,1,2025,enero
ZZZ33155CANDELABLANCO,1,2025,enero
ZZZ33156CANDELANEGRO,1,2025,enero
ZZZ33157DAWABLACK,1,2025,enero
ZZZ33160CAREYNEGRO,2,2025,enero
ZZZ33162TAMARAWHITE,1,2025,enero
ZZZ33168DARCYBLACK,1,2025,enero
ZZZ33175DELILAHBLACK,1,2025,enero
ZZZ33178ELARANEGRO,1,2025,enero
ZZZ33181ESKARNEWHITE,1,2025,enero
ZZZ33183ELISEABLACK,2,2025,enero
ZZZ33192BERENICEGREYPINK,2,2025,enero
ZZZ33193BERILAPURPLE,1,2025,enero
ZZZ33194BECABLACK,1,2025,enero
ZZZ33197BELMABLACKGREY,1,2025,enero
ZZZ33198BELMAGREY,1,2025,enero
ZZZ33204BERILACOFFEE,1,2025,enero
ZZZ33225TERRANCEBLACK,2,2025,enero
ZZZ33233PATRICEBLACK,2,2025,enero
ZZZ33235GAUBERTBLACK,1,2025,enero
ZZZ33244FRANCISNAVYBLUE,1,2025,enero
ZZZ33252MICHELNAVYBLUE,2,2025,enero
ZZZ33254CLAUDEBLACKWHITE,1,2025,enero
ZZZ33255CLAUDEDBLUE,5,2025,enero
ZZZ33257JEANBLACKWHITE,1,2025,enero
ZZZ33258JEANALLBLACK,1,2025,enero
ZZZ33260YARETZIBLUE,2,2025,enero
ZZZ33274CAYLEENKHAKI,1,2025,enero
ZZZ33280FAYLINNDARKBLUE,1,2025,enero
ZZZ33313CARRIGANBLACK,1,2025,enero
ZZZ33320EILEENDBLUE,1,2025,enero
ZZZ33330FIDELMACAMEL,3,2025,enero
ZZZ33360KENNANCOFFE,1,2025,enero
ZZZ33364LEIWHITE,2,2025,enero
ZZZ33366FEIYUBLACKWHITE,3,2025,enero
ZZZ33368MINBLACKRED,2,2025,enero
ZZZ33370FANGDBLUE,3,2025,enero
ZZZ33371HAOYUDGREY,4,2025,enero
ZZZ33432CAYLEENBEIGE,2,2025,enero
ZZZ33435ALEXANDREBLACK,1,2025,enero
ZZZ33441AMABELPURPLE,1,2025,enero
ZZZ33468ARMINAKHAKI,2,2025,enero
ZZZ33470EILLEYBLACKWHITE,1,2025,enero
ZZZ33479ARIELLEBLACK,1,2025,enero
ZZZ33481BABETTEBLACK,1,2025,enero
ZZZ33492DANIELBLACKWHITE,5,2025,enero
ZZZ33493DANIELALLBLACK,2,2025,enero
ZZZ33497DARRENBLACK,4,2025,enero
ZZZ33498DARRENTAN,1,2025,enero
ZZZ33504COLINGRIS,1,2025,enero
ZZZ33509RORYREDBLACK,1,2025,enero
ZZZ33515RORYKHAKIBLACK,3,2025,enero
ZZZ33517CILLIANBLACK,3,2025,enero
ZZZ33519VALERIABLACK,5,2025,enero
ZZZ33521LORCANALLBLACK,1,2025,enero
ZZZ33525BURKEREDBLACK,1,2025,enero
ZZZ33526CONEYBLACK,6,2025,enero
ZZZ33527CONEYCINEROUS,5,2025,enero
ZZZ33528CONEYKHAKI,6,2025,enero
ZZZ33529BURKEBLACKGREY,6,2025,enero
ZZZ33530BURKEBDGREYBLACK,7,2025,enero
ZZZ33531BURKEKHAKIBLACK,8,2025,enero
ZZZ33536BERKELEYROYALBLUE,2,2025,enero
ZZZ33537BERKELEYALLBLACK,3,2025,enero
ZZZ33542BADRUGREEN,2,2025,enero
ZZZ33543ANUMKHAKI,1,2025,enero
ZZZ33544ANUMBROWN,1,2025,enero
ZZZ33552ASENATHWHITE,1,2025,enero
ZZZ33557EBONIBLACK,4,2025,enero
ZZZ33560DONKORBLUE,32,2025,enero
ZZZ33571REHEMAPINKPLUMRED,1,2025,enero
ZZZ33577TABIABLACKBEIGE,1,2025,enero
ZZZ33589AZAHARBLACK,1,2025,enero
ZZZ33596FERIHABLACK,4,2025,enero
ZZZ33597FERIHABROWN,2,2025,enero
ZZZ33602DRISSIAWHITE,1,2025,enero
ZZZ33604ABELKHAKI,3,2025,enero
ZZZ33606ABELBLACK,3,2025,enero
ZZZ33618DAHIABLACK,1,2025,enero
ZZZ33622FARIDBLACK,3,2025,enero
ZZZ33623FARIDBROWN,1,2025,enero
ZZZ33628ELEZIERKHAKI,1,2025,enero
ZZZ33634JAHIDIBLACK,2,2025,enero
ZZZ33637BARBARABLACKWHITE,4,2025,enero
ZZZ33638BARBARABLACKGREY,2,2025,enero
ZZZ33639ANGELINABLACKWHITE,8,2025,enero
ZZZ33640ANGELINAFOGBLUE,2,2025,enero
ZZZ33641ANGELINAALLBLACK,5,2025,enero
ZZZ33642ANJAALLBLACK,5,2025,enero
ZZZ33643ANJABLACKPINK,2,2025,enero
ZZZ33644ANDREAGREY,2,2025,enero
ZZZ33645ANDREAALLBLACK,3,2025,enero
ZZZ33647FABIANBLACKWHITE,5,2025,enero
ZZZ33648FABIANGREYWHITE,2,2025,enero
ZZZ33649FABIANMISTBLUE,1,2025,enero
ZZZ33651KONSTANTINBLACKWHITE,2,2025,enero
ZZZ33652KONSTANTINWHITEBLACK,21,2025,enero
ZZZ33653SANDRABLACK,1,2025,enero
ZZZ33654JOSEFBLACK,1,2025,enero
ZZZ33656JOSEFGREY,3,2025,enero
ZZZ33657HARALDNEGRO,1,2025,enero
ZZZ33658HARALDBROWN,2,2025,enero
ZZZ33659JOHANNABLACK,1,2025,enero
ZZZ33660JOHANNAKAKI,10,2025,enero
ZZZ33661SABINEWHITEPINK,1,2025,enero
ZZZ33663KERATINCAQUI,2,2025,enero
ZZZ33665NATALIEWHITEBLACK,3,2025,enero
ZZZ33666JASMINRED,1,2025,enero
ZZZ33668LAURAWINE,1,2025,enero
ZZZ33672LEONIEBLACKPU,7,2025,enero
ZZZ33817JESUANEGRO,1,2025,enero
ZZZ33819ALEXANDRANEGRO,1,2025,enero
ZZZ33820ALEXANDRABEIGE,5,2025,enero
ZZZ33821BINDINEGRO,1,2025,enero
ZZZ33822BINDIBLANCO,2,2025,enero
ZZZ33824HUGOBLACK,12,2025,enero
ZZZ33825HUGOWHITE,5,2025,enero
ZZZ33826BRAISBLACK,13,2025,enero
ZZZ33827BRAISKHAKI,3,2025,enero
ZZZ33828MILOSBLACK,8,2025,enero
ZZZ33829MILOSNAVY,7,2025,enero
ZZZ33830MILOSGREY,3,2025,enero
ZZZ33831BACOBLACK,4,2025,enero
ZZZ33832BACONAVY,1,2025,enero
ZZZ33833BACOGREY,4,2025,enero
ZZZ33834DRACNEGRO,2,2025,enero
ZZZ33835DRACVERDE,7,2025,enero
ZZZ33837DRACNEGROCALIPSO,10,2025,enero
ZZZ33838JOUBLACK,8,2025,enero
ZZZ33839JOUCOFFEE,9,2025,enero
ZZZ33840JOUBROWN,14,2025,enero
ZZZ30079CINDIBROWN,2,2025,febrero
ZZZ30096NEVADABLACK,11,2025,febrero
ZZZ30097NEVADABROWN,2,2025,febrero
ZZZ30201ZAMBLACK,1,2025,febrero
ZZZ30217MURANOBLACK,2,2025,febrero
ZZZ30218SENZILLBLACK,1,2025,febrero
ZZZ30219ARABICBLACK,4,2025,febrero
ZZZ30320GURAMIGREY,2,2025,febrero
ZZZ30322ARLEQUINBLACK,4,2025,febrero
ZZZ30323ARLEQUINRED,7,2025,febrero
ZZZ30324ARLEQUINCAMEL,8,2025,febrero
ZZZ30325CARDENALBLACK,4,2025,febrero
ZZZ30326CARDENALRED,7,2025,febrero
ZZZ30327CARDENALCAMEL,12,2025,febrero
ZZZ30338COLOMBAWHITE,28,2025,febrero
ZZZ30339COLOMBABLACK,5,2025,febrero
ZZZ30340MALEGREY,1,2025,febrero
ZZZ30341MALEYELLOW,2,2025,febrero
ZZZ30379GALEONBLACK,1,2025,febrero
ZZZ30411RAZOPRINTBLACK,4,2025,febrero
ZZZ30413RAZOPRINTSILVER,5,2025,febrero
ZZZ30414REVERSEWHITE,1,2025,febrero
ZZZ30415COLOMBAWINERED,4,2025,febrero
ZZZ30500MICHOBLACK,1,2025,febrero
ZZZ30507GABYPINK,2,2025,febrero
ZZZ30530MICHOBROWN,5,2025,febrero
ZZZ30533MULEYELLOW,1,2025,febrero
ZZZ30534MULENAVY,5,2025,febrero
ZZZ30565LUEBLUE,13,2025,febrero
ZZZ30566LUEGREY,4,2025,febrero
ZZZ30700ALMOSTBLACK,1,2025,febrero
ZZZ30702ALMOSTPINK,1,2025,febrero
ZZZ30711JOACOWINE,3,2025,febrero
ZZZ30712MARCOSKHAKI,2,2025,febrero
ZZZ30729OLIVAREDWINE,1,2025,febrero
ZZZ30730OLIVABLACK,1,2025,febrero
ZZZ30738MIREYACAMEL,1,2025,febrero
ZZZ30747LUCERABROWN,2,2025,febrero
ZZZ30748LUCERABLACK,1,2025,febrero
ZZZ30757IGNACIOBLACK,3,2025,febrero
ZZZ30758IGNACIOBROWN,6,2025,febrero
ZZZ30762MANEWHITE,6,2025,febrero
ZZZ30770MARCOSNAVY,3,2025,febrero
ZZZ30773MEDMENBLACKWHITE,2,2025,febrero
ZZZ30779INCABLACKFUCSIA,2,2025,febrero
ZZZ30780INCAGREYPINK,3,2025,febrero
ZZZ30782INCABEIGEBLUE,1,2025,febrero
ZZZ30800GLENNAVY,2,2025,febrero
ZZZ30805DOGONGREY,6,2025,febrero
ZZZ30807DOGONBROWN,3,2025,febrero
ZZZ30818NUNYSHAKEBLACK,8,2025,febrero
ZZZ30821NEWCOLOMBALLBLACK,5,2025,febrero
ZZZ30840WENDYBLACK,9,2025,febrero
ZZZ30841CHAIBLACK,1,2025,febrero
ZZZ30844MARCOSBROWN,7,2025,febrero
ZZZ30864KALIKHAKI,4,2025,febrero
ZZZ30865KALIREDBROWN,1,2025,febrero
ZZZ30889PANELLBROWN,11,2025,febrero
ZZZ30893ROMINITABLACK,4,2025,febrero
ZZZ30894ROMINITABEIGE,2,2025,febrero
ZZZ30922CORVIBLACK,5,2025,febrero
ZZZ30923CORVIWINE,7,2025,febrero
ZZZ30926REGENNAVY,4,2025,febrero
ZZZ30927REGENWINERED,3,2025,febrero
ZZZ30938TROMBABROWN,4,2025,febrero
ZZZ30940MOZONBROWN,3,2025,febrero
ZZZ30942ZAMANZONAVY,4,2025,febrero
ZZZ30948NUNYSHAKEWINERED,1,2025,febrero
ZZZ30964CATERINABRONZE,1,2025,febrero
ZZZ30965NAGINICAMEL,9,2025,febrero
ZZZ30966NAGINIBLACK,8,2025,febrero
ZZZ30974PETYLILA,3,2025,febrero
ZZZ30982LUCIAPINK,1,2025,febrero
ZZZ30996SKADEFULLNEGRA,1,2025,febrero
ZZZ30999VAKONEGRO,1,2025,febrero
ZZZ31009COCONICAMEL,2,2025,febrero
ZZZ31010MANSHCAMEL,1,2025,febrero
ZZZ31061PANTERBLACK,8,2025,febrero
ZZZ31063PANTERWINERED,2,2025,febrero
ZZZ31120RAYENBLACK,1,2025,febrero
ZZZ31121RAYENNAVY,1,2025,febrero
ZZZ31152CARLYRED,1,2025,febrero
ZZZ31156NATYBLUE,2,2025,febrero
ZZZ31157NATYWINERED,1,2025,febrero
ZZZ31158NATYBLACK,2,2025,febrero
ZZZ31161MICHOGREEN,1,2025,febrero
ZZZ31171SALLYPINK,3,2025,febrero
ZZZ31173ALLISONCAMEL,8,2025,febrero
ZZZ31175ALLISONBEIGE,6,2025,febrero
ZZZ31176ALLISONPINK,1,2025,febrero
ZZZ31222CHIARABROWN,1,2025,febrero
ZZZ31235KENYACOFFEE,1,2025,febrero
ZZZ31236KENYABROWN,5,2025,febrero
ZZZ31239SAMARAPINK,1,2025,febrero
ZZZ31240MALIBLACK,3,2025,febrero
ZZZ31245CAROLINEPURPLE,1,2025,febrero
ZZZ31271LERKABLACKFUCSIA,1,2025,febrero
ZZZ31298MOTKABLACK,1,2025,febrero
ZZZ31299MOTKAYELLOW,2,2025,febrero
ZZZ31307AMOREWHITE,1,2025,febrero
ZZZ31309FLOWERSBEIGE,1,2025,febrero
ZZZ31310FLOWERSORANGE,3,2025,febrero
ZZZ31311FLOWERSPURPLE,3,2025,febrero
ZZZ31312KIMABLACK,6,2025,febrero
ZZZ31313KIMABEIGE,1,2025,febrero
ZZZ31314KIMAYELLOW,1,2025,febrero
ZZZ31318SASHACORAL,2,2025,febrero
ZZZ31319YURIBLACK,4,2025,febrero
ZZZ31321YURIGREY,8,2025,febrero
ZZZ31323MISHABLACK,1,2025,febrero
ZZZ31325MISHAPURPLE,1,2025,febrero
ZZZ31326MISHACAMEL,2,2025,febrero
ZZZ31327MISHAPINK,6,2025,febrero
ZZZ31328LUNABLACK,2,2025,febrero
ZZZ31332LUNABEIGE,3,2025,febrero
ZZZ31335GALASILVER,2,2025,febrero
ZZZ31337LAZODARKBLUE,9,2025,febrero
ZZZ31338LAZOYELLOW,3,2025,febrero
ZZZ31340LAZOLIGHTBLUE,6,2025,febrero
ZZZ31358AMANDACAQUI,5,2025,febrero
ZZZ31394PALMABLACK,2,2025,febrero
ZZZ31396PALMAKHAKI,3,2025,febrero
ZZZ31398SULIVANBLACK,3,2025,febrero
ZZZ31399SULLIVANREDBROWN,1,2025,febrero
ZZZ31404KAIRIKHAKI,1,2025,febrero
ZZZ31405KAIRICAMEL,2,2025,febrero
ZZZ31407MILANBROWN,1,2025,febrero
ZZZ31419TAYLORBROWN,3,2025,febrero
ZZZ31420TAYLORPINK,2,2025,febrero
ZZZ31426DEXTERWHITE,1,2025,febrero
ZZZ31432NEWRAZOPRINTBLACK,1,2025,febrero
ZZZ31456KRUNERED,4,2025,febrero
ZZZ31457KRUNEWHITE,3,2025,febrero
ZZZ31458AMBARCAMEL,10,2025,febrero
ZZZ31459AMBARLEOPARD,2,2025,febrero
ZZZ31470ARMINBLACK,1,2025,febrero
ZZZ31472AGNABLACK,28,2025,febrero
ZZZ31479PEACEBLACK,1,2025,febrero
ZZZ31480PEACENAVY,1,2025,febrero
ZZZ31483TARABLACK,1,2025,febrero
ZZZ31489KATANABLACK,7,2025,febrero
ZZZ31490KATANACOFFEE,9,2025,febrero
ZZZ31491GRETILEOPARD,9,2025,febrero
ZZZ31494CALIGREEN,1,2025,febrero
ZZZ31495CALICAMEL,3,2025,febrero
ZZZ31497SERRACAMEL,3,2025,febrero
ZZZ31498SERRAPINK,2,2025,febrero
ZZZ31500KURTKHAKI,4,2025,febrero
ZZZ31501OTTOBLACK,1,2025,febrero
ZZZ31504WALTERKHAKI,2,2025,febrero
ZZZ31507NEWMARCOSNAVY,1,2025,febrero
ZZZ31508NEWMARCOSCOFFEE,1,2025,febrero
ZZZ31509NEWMARCOSBLACK,1,2025,febrero
ZZZ31512MOLERCHIPOROBLA,1,2025,febrero
ZZZ31513MOLERCHIPOROCAM,1,2025,febrero
ZZZ31521HILDABROWN,1,2025,febrero
ZZZ31524GRETABROWN,31,2025,febrero
ZZZ31526TERRYBLACK,1,2025,febrero
ZZZ31528TERRYGREY,1,2025,febrero
ZZZ31531PHILLIPBLUE,1,2025,febrero
ZZZ31535ERINBLACK,1,2025,febrero
ZZZ31536BETHBLACK,1,2025,febrero
ZZZ31540JAYBLACK,1,2025,febrero
ZZZ31542ALICEBURGUNDY,2,2025,febrero
ZZZ31551RADACAMEL,1,2025,febrero
ZZZ31554MICALBLACK,1,2025,febrero
ZZZ31556MICALCOFFEE,5,2025,febrero
ZZZ31557KEYLABLACK,1,2025,febrero
ZZZ31559KEYLACOFFEE,2,2025,febrero
ZZZ31569MOONGREEN,1,2025,febrero
ZZZ31575ONDRAROSERED,3,2025,febrero
ZZZ31579ASHIMABLACK,8,2025,febrero
ZZZ31580ASHIMABROWN,1,2025,febrero
ZZZ31583DOGONCAMEL,1,2025,febrero
ZZZ31584ALIWENCAQUI,3,2025,febrero
ZZZ31590WOODSBROWN,1,2025,febrero
ZZZ31601CHAIWINERED,1,2025,febrero
ZZZ31604HARBINCAQUI,1,2025,febrero
ZZZ31605ROVANIMCAQUI,3,2025,febrero
ZZZ31606ROVANIMCOFFEE,10,2025,febrero
ZZZ31608ROVANIMBLACK,3,2025,febrero
ZZZ31609ESTONIABLACK,1,2025,febrero
ZZZ31610ESTONIAGREY,1,2025,febrero
ZZZ31611ESTONIAWINERED,4,2025,febrero
ZZZ31616RONYGREY,1,2025,febrero
ZZZ31619TONYCOFFEE,1,2025,febrero
ZZZ31629MEZENBLACK,3,2025,febrero
ZZZ31635LINOBLACK,1,2025,febrero
ZZZ31640OUTDOORBLACK,4,2025,febrero
ZZZ31676MARYPATBEIGE,1,2025,febrero
ZZZ31677MICKBLACK,3,2025,febrero
ZZZ31678BOLANDKHAKI,8,2025,febrero
ZZZ31679BOLANDBLACK,7,2025,febrero
ZZZ31680MARYPATBLACK,1,2025,febrero
ZZZ31683MARYPATGREY,1,2025,febrero
ZZZ31738PUCCAWHITE,1,2025,febrero
ZZZ31741BILLYKIDNAVY,13,2025,febrero
ZZZ31771MERALDBLACK,4,2025,febrero
ZZZ31772MERALDBROWN,1,2025,febrero
ZZZ31774PEPABURGUNDY,2,2025,febrero
ZZZ31775FELPUBLACK,2,2025,febrero
ZZZ31776FELPUCAMEL,1,2025,febrero
ZZZ31779CLIMBWINERED,1,2025,febrero
ZZZ31787INVERNALGREY,1,2025,febrero
ZZZ31794MENCIBLACK,2,2025,febrero
ZZZ31796MERALDKHAKI,1,2025,febrero
ZZZ31830VARMONAVY,1,2025,febrero
ZZZ31831VARMOGREY,4,2025,febrero
ZZZ31838OUTDOORKHAKI,4,2025,febrero
ZZZ31839OUTDOORBLUE,6,2025,febrero
ZZZ31848MONTADORCOFFEE,1,2025,febrero
ZZZ31849MONTADORBROWN,3,2025,febrero
ZZZ31850MONTADORBLACK,10,2025,febrero
ZZZ31859ZEPOREDBROWN,2,2025,febrero
ZZZ31869QUILICOFFEE,13,2025,febrero
ZZZ31870REXOBLACK,1,2025,febrero
ZZZ31871REXOCOFFEE,1,2025,febrero
ZZZ31872HETTABLACK,1,2025,febrero
ZZZ31872REXOREDBROWN,2,2025,febrero
ZZZ31881YANICAQUI,3,2025,febrero
ZZZ31883RIBUNBROWN,2,2025,febrero
ZZZ31884RIBUNCAMEL,1,2025,febrero
ZZZ31885RIBUNBEIGE,1,2025,febrero
ZZZ31890EDUARBLACK,1,2025,febrero
ZZZ31892YEPOCAMEL,1,2025,febrero
ZZZ31899BRETZBLACK,3,2025,febrero
ZZZ31900BRETZBURDEO,1,2025,febrero
ZZZ31901RELTIBLACK,5,2025,febrero
ZZZ31902RELTIBROWN,2,2025,febrero
ZZZ31903RELTIPURPLE,2,2025,febrero
ZZZ31909MARIEBLACK,1,2025,febrero
ZZZ31911YELIXBLACK,6,2025,febrero
ZZZ31912YELIXWINE,2,2025,febrero
ZZZ31913YELIXCAMEL,4,2025,febrero
ZZZ31914MORRISBLACK,2,2025,febrero
ZZZ31915MANILLEBLACK,2,2025,febrero
ZZZ31916MANILLECAQUI,1,2025,febrero
ZZZ31917PAULIBLACK,6,2025,febrero
ZZZ31918PAULICAMEL,6,2025,febrero
ZZZ31921MORABLACK,1,2025,febrero
ZZZ31924JULIETTEBLACK,5,2025,febrero
ZZZ31927SAIKPURPLE,1,2025,febrero
ZZZ31932NINOSKACOFFEE,8,2025,febrero
ZZZ31934ROMANEBLACK,4,2025,febrero
ZZZ31939LARKEYBLACK,2,2025,febrero
ZZZ31943VALIBCAMEL,4,2025,febrero
ZZZ31944VALIBBLACK,3,2025,febrero
ZZZ31951RANKLEBROWN,1,2025,febrero
ZZZ31964KIRAPINK,1,2025,febrero
ZZZ31967GOGAWHITE,1,2025,febrero
ZZZ31974CURCUBLACK,30,2025,febrero
ZZZ31983DIVINEBLACK,1,2025,febrero
ZZZ31986RONIERED,3,2025,febrero
ZZZ31987MEIKRED,3,2025,febrero
ZZZ31991MEGARABLUE,1,2025,febrero
ZZZ31998ELIABLACK,1,2025,febrero
ZZZ32016FATIHABLACK,1,2025,febrero
ZZZ32019AURABLACK,1,2025,febrero
ZZZ32020ACIAYELLOW,1,2025,febrero
ZZZ32021ACIARED,1,2025,febrero
ZZZ32039KAILRED,1,2025,febrero
ZZZ32040KAILKHAKI,1,2025,febrero
ZZZ32041KAILPINK,3,2025,febrero
ZZZ32042RUFFUSBLACK,1,2025,febrero
ZZZ32049COLLBROWN,4,2025,febrero
ZZZ32050COLLPINK,1,2025,febrero
ZZZ32063AUREASILVER,1,2025,febrero
ZZZ32064AUREABLACK,2,2025,febrero
ZZZ32067LATIFABLACK,1,2025,febrero
ZZZ32071NEREAWHITE,1,2025,febrero
ZZZ32074TITIBLACK,2,2025,febrero
ZZZ32075TITIWHITE,1,2025,febrero
ZZZ32077GAGABLACK,1,2025,febrero
ZZZ32083CHIDAGREEN,1,2025,febrero
ZZZ32085CHIDAPINK,1,2025,febrero
ZZZ32086AMINAALMOND,2,2025,febrero
ZZZ32092ZAIRAROSE,1,2025,febrero
ZZZ32105PRAGMABROWN,1,2025,febrero
ZZZ32111ROCHPINK,1,2025,febrero
ZZZ32114FASTINWHITE,2,2025,febrero
ZZZ32116ANYIYELLOW,2,2025,febrero
ZZZ32116RANONIBROWN,3,2025,febrero
ZZZ32117RANONIKHAKI,3,2025,febrero
ZZZ32118RANONIBLACK,7,2025,febrero
ZZZ32119RINABLACK,1,2025,febrero
ZZZ32120RINAWHITE,4,2025,febrero
ZZZ32121DINAPINK,5,2025,febrero
ZZZ32121YALYBLACK,1,2025,febrero
ZZZ32122YALYPINK,1,2025,febrero
ZZZ32124RAXELLABLACK,2,2025,febrero
ZZZ32125AINABLACK,2,2025,febrero
ZZZ32125KORZUBLACK,1,2025,febrero
ZZZ32127KORZUCAMEL,10,2025,febrero
ZZZ32133DUKLABROWN,1,2025,febrero
ZZZ32136MAZZABLAC,3,2025,febrero
ZZZ32137MAZZACOFFE,2,2025,febrero
ZZZ32138MAZZABROW,1,2025,febrero
ZZZ32139ZUCCABLAC,5,2025,febrero
ZZZ32140ZUCCACOFFE,4,2025,febrero
ZZZ32141ZUCCABROW,5,2025,febrero
ZZZ32142ELLENBLAC,4,2025,febrero
ZZZ32143ELLENCOFFE,1,2025,febrero
ZZZ32144ELLENBROW,5,2025,febrero
ZZZ32144ROYGREY,3,2025,febrero
ZZZ32145MARITTBLAC,23,2025,febrero
ZZZ32146MARITTBROW,3,2025,febrero
ZZZ32147MARITTCOFFE,4,2025,febrero
ZZZ32153SORAYABLAC,4,2025,febrero
ZZZ32154SORAYAGRE,3,2025,febrero
ZZZ32155SORAYANAV,2,2025,febrero
ZZZ32157LENABLACK,3,2025,febrero
ZZZ32158YULIMARON,2,2025,febrero
ZZZ32160DENALIDARKBROWN,2,2025,febrero
ZZZ32160TALINAGRE,1,2025,febrero
ZZZ32161THAISNAV,1,2025,febrero
ZZZ32162TALINAPIN,1,2025,febrero
ZZZ32163YULIBLAC,2,2025,febrero
ZZZ32164BERENWHITE,1,2025,febrero
ZZZ32165FRIDAGRE,1,2025,febrero
ZZZ32168GIULIABLAC,4,2025,febrero
ZZZ32170VEROPINK,1,2025,febrero
ZZZ32170ZULLYPURPLE,1,2025,febrero
ZZZ32171GIULIAPINK,2,2025,febrero
ZZZ32171JACOBOBLACK,1,2025,febrero
ZZZ32172ASARANAVY,1,2025,febrero
ZZZ32173BYLURCAMEL,2,2025,febrero
ZZZ32173JANAFUCSIA,1,2025,febrero
ZZZ32174BYLURKHAKI,3,2025,febrero
ZZZ32174LIVBLACK,3,2025,febrero
ZZZ32175ASARABLACK,2,2025,febrero
ZZZ32176IRINANAVY,1,2025,febrero
ZZZ32177LASSIECAMEL,1,2025,febrero
ZZZ32178DEMIWINERED,1,2025,febrero
ZZZ32178LUCIANABLACK,1,2025,febrero
ZZZ32179IGNACIAWHITE,1,2025,febrero
ZZZ32181ELIDEBLACK,6,2025,febrero
ZZZ32181MILAMAROON,4,2025,febrero
ZZZ32182AYLEENBLACK,32,2025,febrero
ZZZ32182MILAGREY,2,2025,febrero
ZZZ32183AYLEENWHITE,21,2025,febrero
ZZZ32184RUBENKHAKI,2,2025,febrero
ZZZ32184ZAIDAGREY,2,2025,febrero
ZZZ32186ALMYBLACK,16,2025,febrero
ZZZ32186CESIABLUE,1,2025,febrero
ZZZ32186FABIOLABLACK,2,2025,febrero
ZZZ32187CESIACAMEL,1,2025,febrero
ZZZ32187FABIOLACARAMEL,15,2025,febrero
ZZZ32187ZAIDABLACK,3,2025,febrero
ZZZ32188ROUSBLACK,3,2025,febrero
ZZZ32189ALIDANAVY,7,2025,febrero
ZZZ32189LIONELBROWN,2,2025,febrero
ZZZ32190ALIDABURGUNDY,2,2025,febrero
ZZZ32190NERVABLACK,4,2025,febrero
ZZZ32191LUCIANBROWN,1,2025,febrero
ZZZ32191NERVANAVY,4,2025,febrero
ZZZ32192AGATACARAMEL,1,2025,febrero
ZZZ32192LUCIANBLACK,3,2025,febrero
ZZZ32192PILYPINK,1,2025,febrero
ZZZ32193PILYNAVY,4,2025,febrero
ZZZ32194DANIABROWN,3,2025,febrero
ZZZ32194PILYMAROON,1,2025,febrero
ZZZ32195PILYBLACK,6,2025,febrero
ZZZ32196NARIOBROWN,2,2025,febrero
ZZZ32197VITIABLACK,4,2025,febrero
ZZZ32198ZAIABLACK,3,2025,febrero
ZZZ32200LINAPINK,2,2025,febrero
ZZZ32200MEIRABLACK,1,2025,febrero
ZZZ32201LINABLACK,2,2025,febrero
ZZZ32201MEIRAWHITE,1,2025,febrero
ZZZ32204MARENBLACK,2,2025,febrero
ZZZ32206GERDBEIGE,3,2025,febrero
ZZZ32208AMIRANAVY,1,2025,febrero
ZZZ32208GERDBROWN,1,2025,febrero
ZZZ32209AMIRAGREY,3,2025,febrero
ZZZ32209QUIMBAYABLACK,9,2025,febrero
ZZZ32210AMIRABLACK,1,2025,febrero
ZZZ32212HELGENAVY,2,2025,febrero
ZZZ32212QUIMBAYAKHAKI,5,2025,febrero
ZZZ32213ARENCAMEL,2,2025,febrero
ZZZ32214LEIVABLACK,21,2025,febrero
ZZZ32214LYABLACK,2,2025,febrero
ZZZ32215IVARBLACKWHITE,1,2025,febrero
ZZZ32215LEIVABROWN,1,2025,febrero
ZZZ32215MARIANBLACK,1,2025,febrero
ZZZ32216CASANDRAWHITE,4,2025,febrero
ZZZ32216LEIVANAVY,2,2025,febrero
ZZZ32217CASANDRABLACK,4,2025,febrero
ZZZ32217LEIVAGREY,1,2025,febrero
ZZZ32217LULUBLUE,1,2025,febrero
ZZZ32218POLETTEBLACK,5,2025,febrero
ZZZ32219EBOLETHBLACK,10,2025,febrero
ZZZ32219LAURIBLACK,1,2025,febrero
ZZZ32219RIELABLACK,1,2025,febrero
ZZZ32220ANDRAMAROON,1,2025,febrero
ZZZ32221ANDRAPINK,1,2025,febrero
ZZZ32221EBOLETHGREY,3,2025,febrero
ZZZ32222ACALIABLACK,4,2025,febrero
ZZZ32222ANDRABLACK,1,2025,febrero
ZZZ32223ACALIABEIGE,1,2025,febrero
ZZZ32223LENUSBLACK,2,2025,febrero
ZZZ32225VAINILLACOFFEE,1,2025,febrero
ZZZ32226ARABELABEIGE,1,2025,febrero
ZZZ32226ARELIBLACK,3,2025,febrero
ZZZ32226BRISAGREEN,1,2025,febrero
ZZZ32228BONATREDBROWN,1,2025,febrero
ZZZ32228BONNIEBEIGE,1,2025,febrero
ZZZ32228GUATAPEBLACK,13,2025,febrero
ZZZ32229BONATBLACK,2,2025,febrero
ZZZ32229GUATAPEGREY,1,2025,febrero
ZZZ32229MENICABLACK,1,2025,febrero
ZZZ32229MURIELBLACK,1,2025,febrero
ZZZ32231EMYBLACK,1,2025,febrero
ZZZ32231IVETTEBLACK,1,2025,febrero
ZZZ32231SARILBEIGE,2,2025,febrero
ZZZ32232RODNYBLACK,3,2025,febrero
ZZZ32232TEBAIDABLACK,7,2025,febrero
ZZZ32232TIMYBLACK,3,2025,febrero
ZZZ32233IVETTEPURPLE,1,2025,febrero
ZZZ32233RODNYCOFFEE,4,2025,febrero
ZZZ32234TEBAIDADBEIGE,5,2025,febrero
ZZZ32235ORIANAGREY,1,2025,febrero
ZZZ32236IRENEBLACK,4,2025,febrero
ZZZ32236TEBAIDANAVY,5,2025,febrero
ZZZ32237IRENEBROWN,1,2025,febrero
ZZZ32237LEDANAVY,1,2025,febrero
ZZZ32237TEBAIDAKHAKI,1,2025,febrero
ZZZ32238FEDRAMARRON,2,2025,febrero
ZZZ32238JORDINABLACK,11,2025,febrero
ZZZ32239JORDINACAMEL,1,2025,febrero
ZZZ32240JORDINABROWN,1,2025,febrero
ZZZ32241ALICIABLACK,5,2025,febrero
ZZZ32241ARIACAMEL,1,2025,febrero
ZZZ32241RANIAKHAKI,10,2025,febrero
ZZZ32242ALICIABLUE,2,2025,febrero
ZZZ32242JENNYCOFFEE,1,2025,febrero
ZZZ32243ALICIABEIGE,1,2025,febrero
ZZZ32243ARMENIABLACK,4,2025,febrero
ZZZ32243ESTELABLACK,14,2025,febrero
ZZZ32244ANDRINABEIGE,4,2025,febrero
ZZZ32245ANDRINACAMEL,3,2025,febrero
ZZZ32245ARMENIABEIGE,2,2025,febrero
ZZZ32245DANAECAMEL,1,2025,febrero
ZZZ32245LETICIABLACK,1,2025,febrero
ZZZ32246ARMENIAGREY,1,2025,febrero
ZZZ32246EDNABEIGE,8,2025,febrero
ZZZ32246LETICIABROWN,6,2025,febrero
ZZZ32247EDNACAMEL,2,2025,febrero
ZZZ32247INESCAMEL,2,2025,febrero
ZZZ32247LETICIACOFFEE,2,2025,febrero
ZZZ32248DORACAMEL,6,2025,febrero
ZZZ32249ARACELICAMEL,1,2025,febrero
ZZZ32249MIRANDACAMEL,1,2025,febrero
ZZZ32250DORABLACK,3,2025,febrero
ZZZ32250IDAIRABLACK,6,2025,febrero
ZZZ32251IDAIRACAMEL,2,2025,febrero
ZZZ32251KATRINABROWN,10,2025,febrero
ZZZ32251MELLEABROWN,6,2025,febrero
ZZZ32251PRAGABLACK,2,2025,febrero
ZZZ32252IVYPINK,6,2025,febrero
ZZZ32252KATRINABLACK,2,2025,febrero
ZZZ32252MELLEAGREEN,8,2025,febrero
ZZZ32253IVYBLUE,1,2025,febrero
ZZZ32253KATRINACOFFEE,1,2025,febrero
ZZZ32253MELLEABLACK,24,2025,febrero
ZZZ32254DANACAMEL,22,2025,febrero
ZZZ32254IVANNABLACK,3,2025,febrero
ZZZ32254LLANERABLACK,7,2025,febrero
ZZZ32254MELLEALIGHTGREY,4,2025,febrero
ZZZ32255DANABLACK,2,2025,febrero
ZZZ32255ORAZIBLACK,28,2025,febrero
ZZZ32256IVANNAAPRICOT,9,2025,febrero
ZZZ32256ORAZIGREEN,2,2025,febrero
ZZZ32256VANESSAGREY,1,2025,febrero
ZZZ32257ORAZIBROWN,6,2025,febrero
ZZZ32257VANESSABLACK,4,2025,febrero
ZZZ32258DIANACOFFEE,1,2025,febrero
ZZZ32258ORAZIKHAKI,15,2025,febrero
ZZZ32259ABIGAILBLACK,1,2025,febrero
ZZZ32259ROSALESBLACK,1,2025,febrero
ZZZ32260DIANAGREY,2,2025,febrero
ZZZ32260GASPARBLACK,2,2025,febrero
ZZZ32262FRESHWHITE,2,2025,febrero
ZZZ32263CLARABLACK,3,2025,febrero
ZZZ32264ARIADNABLACK,1,2025,febrero
ZZZ32264PEREIRABLACK,6,2025,febrero
ZZZ32265PEREIRABEIGE,1,2025,febrero
ZZZ32266SINUBLACK,6,2025,febrero
ZZZ32267SINUGREY,1,2025,febrero
ZZZ32267TIANNEBLACK,2,2025,febrero
ZZZ32268SINUBEIGE,29,2025,febrero
ZZZ32269JAVABLACK,10,2025,febrero
ZZZ32269SILASBLACK,1,2025,febrero
ZZZ32269SINUBROWN,8,2025,febrero
ZZZ32270LEONORBLACK,4,2025,febrero
ZZZ32270MONGUIBLACK,2,2025,febrero
ZZZ32270SILASNAVY,1,2025,febrero
ZZZ32271LIAMBLACK,1,2025,febrero
ZZZ32271MONGUINAVY,3,2025,febrero
ZZZ32271PRISCABLACK,4,2025,febrero
ZZZ32272VIKOALLBLACK,2,2025,febrero
ZZZ32273VIKOBLACKWHITE,1,2025,febrero
ZZZ32274LUKEBLACKWHITE,1,2025,febrero
ZZZ32274PAIPABLACK,28,2025,febrero
ZZZ32275PAIPAGREY,2,2025,febrero
ZZZ32276HENRYBLACK,3,2025,febrero
ZZZ32276PAIPABEIGE,2,2025,febrero
ZZZ32276SALOMEBLACK,3,2025,febrero
ZZZ32277HENRYNAVY,1,2025,febrero
ZZZ32278NOBSANAVY,3,2025,febrero
ZZZ32278SANTINOBLACK,2,2025,febrero
ZZZ32279NOBSAGREY,16,2025,febrero
ZZZ32279SALOMEPINK,1,2025,febrero
ZZZ32280MAXIMOGREY,2,2025,febrero
ZZZ32280NOBSABEIGE,9,2025,febrero
ZZZ32281CIENAGABLACK,11,2025,febrero
ZZZ32281MAXIMOBLACK,5,2025,febrero
ZZZ32282CIENAGAGREY,1,2025,febrero
ZZZ32282PIEROALLBLACK,3,2025,febrero
ZZZ32283ANTONELLABLACK,1,2025,febrero
ZZZ32283CIENAGABEIGE,1,2025,febrero
ZZZ32283PIEROBLACKWHITE,4,2025,febrero
ZZZ32284ANTONELLANAVY,1,2025,febrero
ZZZ32284PIERODARKGREY,1,2025,febrero
ZZZ32285DARIENBLACK,24,2025,febrero
ZZZ32285PIERODARKNAVY,1,2025,febrero
ZZZ32286DARIENNAVY,5,2025,febrero
ZZZ32287DARIENGREY,5,2025,febrero
ZZZ32287SAMANTABLACK,2,2025,febrero
ZZZ32288DARIENBEIGE,7,2025,febrero
ZZZ32288SAMANTABROWN,2,2025,febrero
ZZZ32289DARIENROSE,3,2025,febrero
ZZZ32289NATHANALLBLACK,2,2025,febrero
ZZZ32291NATHANDGREY,2,2025,febrero
ZZZ32294AGUSTINALLBLACK,2,2025,febrero
ZZZ32296AGUSTINBLACKWHITE,2,2025,febrero
ZZZ32297CINNIABLACK,10,2025,febrero
ZZZ32299KANSASDGREY,2,2025,febrero
ZZZ32299VIVIANBLACK,4,2025,febrero
ZZZ32300ALONSOBLACK,1,2025,febrero
ZZZ32301VIVIANCAMEL,3,2025,febrero
ZZZ32302SALENTOBLACK,3,2025,febrero
ZZZ32303SALENTOCAMEL,5,2025,febrero
ZZZ32303ZACKDARKGREY,2,2025,febrero
ZZZ32304SALENTOCOFFEE,1,2025,febrero
ZZZ32304ZACKBLACK,3,2025,febrero
ZZZ32305DAILAPINK,1,2025,febrero
ZZZ32306ANDESCAMEL,2,2025,febrero
ZZZ32308GIANNELABLACKPURPLE,2,2025,febrero
ZZZ32309PASADENAWHITE,1,2025,febrero
ZZZ32310MAYRABLUE,1,2025,febrero
ZZZ32312AVENTURABLACK,1,2025,febrero
ZZZ32313LUANABROWN,3,2025,febrero
ZZZ32314AVENTURABURGUND,1,2025,febrero
ZZZ32314MILETNAVYGREEN,2,2025,febrero
ZZZ32315AVENTURACAMEL,1,2025,febrero
ZZZ32315ENRIQUETALIGHTPURPLE,1,2025,febrero
ZZZ32316REFUGIOBLACK,1,2025,febrero
ZZZ32317THIAGOREDBROWN,5,2025,febrero
ZZZ32318REFUGIODBROWN,1,2025,febrero
ZZZ32318THIAGOCOFFEE,5,2025,febrero
ZZZ32319MARLENEBLACK,1,2025,febrero
ZZZ32319MATEOREDBROWN,9,2025,febrero
ZZZ32320LIMONARCAMEL,4,2025,febrero
ZZZ32320MATEOCOFFEE,6,2025,febrero
ZZZ32321ARCHIEREDBROWN,9,2025,febrero
ZZZ32321LUCINDANAVY,2,2025,febrero
ZZZ32323CIROREDBROWN,3,2025,febrero
ZZZ32324AINOADBROWN,8,2025,febrero
ZZZ32325KARINBLACK,2,2025,febrero
ZZZ32325NEWRAZOPRINTRED,1,2025,febrero
ZZZ32326EIRACOFFEE,1,2025,febrero
ZZZ32326KARINBROWN,4,2025,febrero
ZZZ32327NEWNATYWINERED,1,2025,febrero
ZZZ32327YADIBLACK,1,2025,febrero
ZZZ32328YADIBROWN,9,2025,febrero
ZZZ32329FANNARBLACK,1,2025,febrero
ZZZ32330GABIBLACK,3,2025,febrero
ZZZ32331FANNARCAMEL,1,2025,febrero
ZZZ32331GABIBROWN,1,2025,febrero
ZZZ32332GABICAFE,5,2025,febrero
ZZZ32335ZANEBROWN,2,2025,febrero
ZZZ32336EMBERBLACK,5,2025,febrero
ZZZ32337ANDRINEGRO,1,2025,febrero
ZZZ32339ANDRIKHAKI,5,2025,febrero
ZZZ32345COLEBLACK,2,2025,febrero
ZZZ32347ALDERBLACKGREEN,4,2025,febrero
ZZZ32348ALDERCOFFEE,2,2025,febrero
ZZZ32358NAYARABLACK,2,2025,febrero
ZZZ32361NAYARAZEBRA,1,2025,febrero
ZZZ32362LAYLABLACK,3,2025,febrero
ZZZ32364LAYLADARKBLUE,3,2025,febrero
ZZZ32366ARLEYSBLACK,21,2025,febrero
ZZZ32367ARLEYSBEIGE,1,2025,febrero
ZZZ32368ARLEYSKHAKI,1,2025,febrero
ZZZ32369MARILYBLACK,6,2025,febrero
ZZZ32370MARILYBEIGE,4,2025,febrero
ZZZ32371MARILYCAMEL,1,2025,febrero
ZZZ32372GIANNABLUE,1,2025,febrero
ZZZ32379BAYOLETHPINK,1,2025,febrero
ZZZ32380BAYOLETHKHAKI,1,2025,febrero
ZZZ32381GRETHELBLACK,1,2025,febrero
ZZZ32382GRETHELWHITE,3,2025,febrero
ZZZ32386LINETTEGRAY,1,2025,febrero
ZZZ32388DYLANBLACK,1,2025,febrero
ZZZ32390DYLANLTGRAY,2,2025,febrero
ZZZ32400MARIOMENBLACKWHITE,1,2025,febrero
ZZZ32417ARTHURBLACK,2,2025,febrero
ZZZ32419LOURDESGREEN,3,2025,febrero
ZZZ32421MAURAALLBLACK,17,2025,febrero
ZZZ32422MAURABLACK,6,2025,febrero
ZZZ32423FELICIABLACK,3,2025,febrero
ZZZ32430NAYARETBLACK,1,2025,febrero
ZZZ32431TAYRABLACK,9,2025,febrero
ZZZ32433JOYCEDENIMBLUE,10,2025,febrero
ZZZ32434NAOMYWHITE,1,2025,febrero
ZZZ32436TAMARWHITE,3,2025,febrero
ZZZ32438FIOREBLACK,1,2025,febrero
ZZZ32439KEILYBROWN,1,2025,febrero
ZZZ32441AMPAROBLACK,1,2025,febrero
ZZZ32442AMPAROWHITE,4,2025,febrero
ZZZ32443AMPAROPURPLE,2,2025,febrero
ZZZ32444AMPAROBEIGE,1,2025,febrero
ZZZ32445AMPAROGREEN,1,2025,febrero
ZZZ32446HAZELNEGRO,1,2025,febrero
ZZZ32447CALLIOPENEGRO,1,2025,febrero
ZZZ32448AITORNAVY,1,2025,febrero
ZZZ32458NEWVITIAWHITE,2,2025,febrero
ZZZ32462CAYETANACHAMPANGNE,16,2025,febrero
ZZZ32462LEXIEWHITE,3,2025,febrero
ZZZ32469MINKABLACK,1,2025,febrero
ZZZ32470CALIOPELEOPARD,1,2025,febrero
ZZZ32470MINKAKHAKI,1,2025,febrero
ZZZ32472ALISHAYELLOW,5,2025,febrero
ZZZ32473PAULAGREY,1,2025,febrero
ZZZ32475CALISTAYELLOW,1,2025,febrero
ZZZ32475PAULAWHITE,1,2025,febrero
ZZZ32477NIKAIBEIGE,2,2025,febrero
ZZZ32478MONSEBLACK,2,2025,febrero
ZZZ32478NIKAIPINK,1,2025,febrero
ZZZ32479NAYLABLACK,1,2025,febrero
ZZZ32480MENCIABLACK,1,2025,febrero
ZZZ32486CALANDRABLACK,1,2025,febrero
ZZZ32486ZURIAWHITE,1,2025,febrero
ZZZ32489FANIBLACK,1,2025,febrero
ZZZ32492KARIMCOFFEE,1,2025,febrero
ZZZ32494TADEABLACK,1,2025,febrero
ZZZ32495NAYLACOFFE,2,2025,febrero
ZZZ32496KAMALREDBROWN,1,2025,febrero
ZZZ32497KAMALKHAKI,1,2025,febrero
ZZZ32498ARGUSBROWN,1,2025,febrero
ZZZ32503ANGELABLACK,2,2025,febrero
ZZZ32507MASONGREY,1,2025,febrero
ZZZ32508MAGDALENABEIGE,2,2025,febrero
ZZZ32510MIREIABLACK,4,2025,febrero
ZZZ32518ALANBLKJEANS,6,2025,febrero
ZZZ32521ELVIRAKHAKI,1,2025,febrero
ZZZ32523CAETANOBLACK,1,2025,febrero
ZZZ32525BLANCHETCAMEL,1,2025,febrero
ZZZ32527MERYLPINK,2,2025,febrero
ZZZ32529TWIGGYRED,2,2025,febrero
ZZZ32531GEORGINABROWN,8,2025,febrero
ZZZ32533CARLOTABEIGE,2,2025,febrero
ZZZ32536ARLETKHAKI,1,2025,febrero
ZZZ32537ARLETBEIGE,1,2025,febrero
ZZZ32537RAQUELBROWN,1,2025,febrero
ZZZ32538ARLETBLACK,1,2025,febrero
ZZZ32539MONICACAMEL,1,2025,febrero
ZZZ32543PILARBROWN,2,2025,febrero
ZZZ32547GINETTEBLACK,2,2025,febrero
ZZZ32551MARTINARED,2,2025,febrero
ZZZ32553CAMELIAWHITE,4,2025,febrero
ZZZ32556HORTENSIAWHITE,3,2025,febrero
ZZZ32557HORTENSIAKHAKI,1,2025,febrero
ZZZ32558NARELPINK,1,2025,febrero
ZZZ32559MAGDALENACAMEL,1,2025,febrero
ZZZ32561MIREIAPINK,3,2025,febrero
ZZZ32563JIMENAORANGE,1,2025,febrero
ZZZ32571DANIELACAMEL,1,2025,febrero
ZZZ32575BAHARBLACK,1,2025,febrero
ZZZ32586ADELEBLACK,2,2025,febrero
ZZZ32590BAILEYRED,4,2025,febrero
ZZZ32591AGUSTINABLACKWHITE,1,2025,febrero
ZZZ32601IRIACAMEL,5,2025,febrero
ZZZ32605FIONABLACK,1,2025,febrero
ZZZ32624IZAROBLACK,1,2025,febrero
ZZZ32625RODRIGOGREY,1,2025,febrero
ZZZ32641HERNANBROWN,1,2025,febrero
ZZZ32642EMERSONREDBROWN,2,2025,febrero
ZZZ32648MAGDABELABLACK,1,2025,febrero
ZZZ32652GRISELDABLACK,1,2025,febrero
ZZZ32667HOLLYBLACK,2,2025,febrero
ZZZ32678ANYACOFFEE,1,2025,febrero
ZZZ32682AYLABLACK,1,2025,febrero
ZZZ32683AYLAKHAKI,4,2025,febrero
ZZZ32685BETSABEBLACK,12,2025,febrero
ZZZ32686BETSABEKHAKI,1,2025,febrero
ZZZ32693DARAKHAKI,1,2025,febrero
ZZZ32700IKERCOFFEE,1,2025,febrero
ZZZ32701IKERBROWN,1,2025,febrero
ZZZ32710NEIZANKHAKI,1,2025,febrero
ZZZ32713ISAACCAMEL,2,2025,febrero
ZZZ32716ARNAUCAMEL,1,2025,febrero
ZZZ32717ARNAUBLACK,2,2025,febrero
ZZZ32718JONBLACK,4,2025,febrero
ZZZ32719NEIZANBLACK,4,2025,febrero
ZZZ32720ANTIACAMEL,2,2025,febrero
ZZZ32721NADINEBLACK,2,2025,febrero
ZZZ32726NAKIADBLUE,1,2025,febrero
ZZZ32729NESSACARAMEL,25,2025,febrero
ZZZ32735VANIACARAMELO,2,2025,febrero
ZZZ32736VANIACAMEL,3,2025,febrero
ZZZ32741ZURIBLACK,1,2025,febrero
ZZZ32750LETIZIABLACK,1,2025,febrero
ZZZ32751LIDECOFFE,1,2025,febrero
ZZZ32756MILIABROWN,3,2025,febrero
ZZZ32790DARIELCOFFE,1,2025,febrero
ZZZ32793REVABLACK,1,2025,febrero
ZZZ32798REVABEIGE,1,2025,febrero
ZZZ32807IKERKHAKI,1,2025,febrero
ZZZ32815MALIABLACK,1,2025,febrero
ZZZ32824ANDERBLACK,8,2025,febrero
ZZZ32833FRANCABEIGE,1,2025,febrero
ZZZ32842BENONIBLUE,1,2025,febrero
ZZZ32844BENONIGRAY,1,2025,febrero
ZZZ32846MILTONBLACK,1,2025,febrero
ZZZ32851VITODARKBEIGE,1,2025,febrero
ZZZ32867JAMILAGRAY,1,2025,febrero
ZZZ32870SHARONBLACK,2,2025,febrero
ZZZ32871SHARONBLUE,1,2025,febrero
ZZZ32875EGIACOFFE,2,2025,febrero
ZZZ32883ZITICABLACK,1,2025,febrero
ZZZ32895MATEUSREDCOFFE,1,2025,febrero
ZZZ32906FEBECOFFE,1,2025,febrero
ZZZ32908DONIACOFFE,1,2025,febrero
ZZZ32909KRISTENDARKCOFFE,1,2025,febrero
ZZZ32911VIDALINABLACK,1,2025,febrero
ZZZ32955JERSONCOFFE,4,2025,febrero
ZZZ32956ARIANBLACK,1,2025,febrero
ZZZ32957ARIANCOFFE,1,2025,febrero
ZZZ32960FAINACOFFE,1,2025,febrero
ZZZ32961FAINABLACK,1,2025,febrero
ZZZ32963KALEABLACK,1,2025,febrero
ZZZ32964NOORCOFFE,1,2025,febrero
ZZZ32965NOORBLACK,1,2025,febrero
ZZZ32967ZARIACOFFE,2,2025,febrero
ZZZ32970DAMARABLACK,1,2025,febrero
ZZZ32971DAMARACOFFE,1,2025,febrero
ZZZ32977WILLOWCOFFE,1,2025,febrero
ZZZ32984DESIDERIABROWN,3,2025,febrero
ZZZ32987DIONISIABLACK,2,2025,febrero
ZZZ32989EDESIACOFFE,4,2025,febrero
ZZZ32991EDESIABLACK,13,2025,febrero
ZZZ32994FAUSTABLACK,2,2025,febrero
ZZZ32996ARLINABLACK,1,2025,febrero
ZZZ33011CLEISSYBLACK,1,2025,febrero
ZZZ33026CALVINBLACK,1,2025,febrero
ZZZ33029CYRUSBLACK,1,2025,febrero
ZZZ33037HIKARIBLACK,2,2025,febrero
ZZZ33059KAORIBLACK,1,2025,febrero
ZZZ33061YUMIKONEGRO,1,2025,febrero
ZZZ33062CHIASANEGROLISO,1,2025,febrero
ZZZ33079JUNBLACKLISO,4,2025,febrero
ZZZ33101AKEMINEGRO,2,2025,febrero
ZZZ33119FUKABLACK,2,2025,febrero
ZZZ33120FUJIBLACK,1,2025,febrero
ZZZ33121ESHIMABLACK,1,2025,febrero
ZZZ33133TAKAKOBLACK,1,2025,febrero
ZZZ33149ELGABROWN,1,2025,febrero
ZZZ33152FADIABLACKWHITE,2,2025,febrero
ZZZ33155CANDELABLANCO,1,2025,febrero
ZZZ33164CHANTALBLACK,1,2025,febrero
ZZZ33166CAMERONNEGRO,3,2025,febrero
ZZZ33172CACILEWHITE,1,2025,febrero
ZZZ33173DANELLEBLACK,1,2025,febrero
ZZZ33174DANELLEWHITE,2,2025,febrero
ZZZ33176DALILAHWHITE,1,2025,febrero
ZZZ33178ELARANEGRO,1,2025,febrero
ZZZ33181ESKARNEWHITE,1,2025,febrero
ZZZ33195BAHIAPURPLE,1,2025,febrero
ZZZ33197BELMABLACKGREY,1,2025,febrero
ZZZ33204BERILACOFFEE,1,2025,febrero
ZZZ33205BAHIABLACK,1,2025,febrero
ZZZ33225TERRANCEBLACK,1,2025,febrero
ZZZ33226TERRANCESKINRED,1,2025,febrero
ZZZ33227TERRANCESTEEL,1,2025,febrero
ZZZ33230OLIVIERBLACK,1,2025,febrero
ZZZ33235GAUBERTBLACK,1,2025,febrero
ZZZ33250MICHELGREY,4,2025,febrero
ZZZ33252MICHELNAVYBLUE,4,2025,febrero
ZZZ33254CLAUDEBLACKWHITE,3,2025,febrero
ZZZ33255CLAUDEDBLUE,2,2025,febrero
ZZZ33257JEANBLACKWHITE,18,2025,febrero
ZZZ33258JEANALLBLACK,1,2025,febrero
ZZZ33262ELIANBLACK,1,2025,febrero
ZZZ33274CAYLEENKHAKI,1,2025,febrero
ZZZ33280FAYLINNDARKBLUE,2,2025,febrero
ZZZ33330FIDELMACAMEL,2,2025,febrero
ZZZ33360KENNANCOFFE,1,2025,febrero
ZZZ33364LEIWHITE,3,2025,febrero
ZZZ33365MINGREY,2,2025,febrero
ZZZ33366FEIYUBLACKWHITE,1,2025,febrero
ZZZ33367MAYLINBLACKWHITE,1,2025,febrero
ZZZ33441AMABELPURPLE,1,2025,febrero
ZZZ33450AUDEBLUE,1,2025,febrero
ZZZ33467GISELLECAMEL,1,2025,febrero
ZZZ33490LUCASBLACKWHITE,2,2025,febrero
ZZZ33497DARRENBLACK,2,2025,febrero
ZZZ33498DARRENTAN,1,2025,febrero
ZZZ33504COLINGRIS,1,2025,febrero
ZZZ33509RORYREDBLACK,2,2025,febrero
ZZZ33517CILLIANBLACK,4,2025,febrero
ZZZ33518FANGALLBLACK,2,2025,febrero
ZZZ33519VALERIABLACK,9,2025,febrero
ZZZ33524NAHILBLACK,1,2025,febrero
ZZZ33526CONEYBLACK,4,2025,febrero
ZZZ33527CONEYCINEROUS,8,2025,febrero
ZZZ33528CONEYKHAKI,3,2025,febrero
ZZZ33529BURKEBLACKGREY,4,2025,febrero
ZZZ33530BURKEBDGREYBLACK,5,2025,febrero
ZZZ33531BURKEKHAKIBLACK,9,2025,febrero
ZZZ33533CULLENBLACK,1,2025,febrero
ZZZ33534FINBARALLBLACK,1,2025,febrero
ZZZ33536BERKELEYROYALBLUE,2,2025,febrero
ZZZ33537BERKELEYALLBLACK,1,2025,febrero
ZZZ33543ANUMKHAKI,2,2025,febrero
ZZZ33544ANUMBROWN,3,2025,febrero
ZZZ33547OSEYEPINKPLUMRED,1,2025,febrero
ZZZ33550AKILABLACKBEIGE,2,2025,febrero
ZZZ33552ASENATHWHITE,1,2025,febrero
ZZZ33555CHIONEALLWHITE,1,2025,febrero
ZZZ33557EBONIBLACK,3,2025,febrero
ZZZ33558EBONIWHITEGREY,1,2025,febrero
ZZZ33559DONKORBLACKWHITE,2,2025,febrero
ZZZ33560DONKORBLUE,22,2025,febrero
ZZZ33561HASANIBLACK,1,2025,febrero
ZZZ33565IFETBLACK,1,2025,febrero
ZZZ33575TABIAWHITEBEIGE,3,2025,febrero
ZZZ33590AZAHARBROWN,1,2025,febrero
ZZZ33596FERIHABLACK,2,2025,febrero
ZZZ33597FERIHABROWN,1,2025,febrero
ZZZ33598SAYOKOBLACK,2,2025,febrero
ZZZ33604ABELKHAKI,1,2025,febrero
ZZZ33605ABELBROWN,1,2025,febrero
ZZZ33618DAHIABLACK,1,2025,febrero
ZZZ33619DAHIABROWN,1,2025,febrero
ZZZ33622FARIDBLACK,3,2025,febrero
ZZZ33623FARIDBROWN,9,2025,febrero
ZZZ33635JAHIDIKHAKI,1,2025,febrero
ZZZ33637BARBARABLACKWHITE,3,2025,febrero
ZZZ33638BARBARABLACKGREY,1,2025,febrero
ZZZ33639ANGELINABLACKWHITE,4,2025,febrero
ZZZ33640ANGELINAFOGBLUE,3,2025,febrero
ZZZ33641ANGELINAALLBLACK,7,2025,febrero
ZZZ33642ANJAALLBLACK,10,2025,febrero
ZZZ33643ANJABLACKPINK,1,2025,febrero
ZZZ33644ANDREAGREY,1,2025,febrero
ZZZ33645ANDREAALLBLACK,3,2025,febrero
ZZZ33646ANDREABLACKWHITE,2,2025,febrero
ZZZ33647FABIANBLACKWHITE,11,2025,febrero
ZZZ33651KONSTANTINBLACKWHITE,3,2025,febrero
ZZZ33652KONSTANTINWHITEBLACK,11,2025,febrero
ZZZ33653SANDRABLACK,4,2025,febrero
ZZZ33654JOSEFBLACK,2,2025,febrero
ZZZ33655JOSEFCOFFE,4,2025,febrero
ZZZ33656JOSEFGREY,2,2025,febrero
ZZZ33657HARALDNEGRO,1,2025,febrero
ZZZ33658HARALDBROWN,1,2025,febrero
ZZZ33660JOHANNAKAKI,7,2025,febrero
ZZZ33662KATRINMARRON,1,2025,febrero
ZZZ33663KERATINCAQUI,2,2025,febrero
ZZZ33664LARABROWN,3,2025,febrero
ZZZ33666JASMINRED,2,2025,febrero
ZZZ33667ELISACAMEL,5,2025,febrero
ZZZ33670BETINAALLWHITE,2,2025,febrero
ZZZ33671MAJAWHITE,3,2025,febrero
ZZZ33672LEONIEBLACKPU,16,2025,febrero
ZZZ33819ALEXANDRANEGRO,6,2025,febrero
ZZZ33820ALEXANDRABEIGE,6,2025,febrero
ZZZ33821BINDINEGRO,1,2025,febrero
ZZZ33823DARANANEGRO,1,2025,febrero
ZZZ33824HUGOBLACK,6,2025,febrero
ZZZ33825HUGOWHITE,3,2025,febrero
ZZZ33826BRAISBLACK,3,2025,febrero
ZZZ33827BRAISKHAKI,2,2025,febrero
ZZZ33828MILOSBLACK,15,2025,febrero
ZZZ33829MILOSNAVY,3,2025,febrero
ZZZ33830MILOSGREY,5,2025,febrero
ZZZ33831BACOBLACK,5,2025,febrero
ZZZ33832BACONAVY,5,2025,febrero
ZZZ33833BACOGREY,4,2025,febrero
ZZZ33837DRACNEGROCALIPSO,1,2025,febrero
ZZZ33838JOUBLACK,4,2025,febrero
ZZZ33839JOUCOFFEE,4,2025,febrero
ZZZ33840JOUBROWN,5,2025,febrero
ZZZ33841LEONEDBLUE,2,2025,febrero
ZZZ33846TRIALEGREYROSE,2,2025,febrero
ZZZ33853MISTRALAIRBLACKWHITE,2,2025,febrero
ZZZ33856LUZENAFOGBLUE,1,2025,febrero
ZZZ33862LIGERENLGREYRED,2,2025,febrero
ZZZ30078CINDIBLACK,1,2025,marzo
ZZZ30096NEVADABLACK,9,2025,marzo
ZZZ30097NEVADABROWN,1,2025,marzo
ZZZ30217MURANOBLACK,2,2025,marzo
ZZZ30218SENZILLBLACK,3,2025,marzo
ZZZ30219ARABICBLACK,4,2025,marzo
ZZZ30317RAZORED,2,2025,marzo
ZZZ30320GURAMIGREY,1,2025,marzo
ZZZ30323ARLEQUINRED,2,2025,marzo
ZZZ30324ARLEQUINCAMEL,1,2025,marzo
ZZZ30325CARDENALBLACK,1,2025,marzo
ZZZ30326CARDENALRED,1,2025,marzo
ZZZ30327CARDENALCAMEL,5,2025,marzo
ZZZ30338COLOMBAWHITE,8,2025,marzo
ZZZ30339COLOMBABLACK,2,2025,marzo
ZZZ30411RAZOPRINTBLACK,1,2025,marzo
ZZZ30413RAZOPRINTSILVER,2,2025,marzo
ZZZ30415COLOMBAWINERED,1,2025,marzo
ZZZ30500MICHOBLACK,1,2025,marzo
ZZZ30534MULENAVY,2,2025,marzo
ZZZ30566LUEGREY,1,2025,marzo
ZZZ30711JOACOWINE,1,2025,marzo
ZZZ30712MARCOSKHAKI,1,2025,marzo
ZZZ30729OLIVAREDWINE,1,2025,marzo
ZZZ30730OLIVABLACK,3,2025,marzo
ZZZ30735MIREYARED,2,2025,marzo
ZZZ30738MIREYACAMEL,1,2025,marzo
ZZZ30748LUCERABLACK,3,2025,marzo
ZZZ30758IGNACIOBROWN,5,2025,marzo
ZZZ30762MANEWHITE,3,2025,marzo
ZZZ30773MEDMENBLACKWHITE,2,2025,marzo
ZZZ30779INCABLACKFUCSIA,1,2025,marzo
ZZZ30780INCAGREYPINK,2,2025,marzo
ZZZ30782INCABEIGEBLUE,2,2025,marzo
ZZZ30798GLENBLACK,1,2025,marzo
ZZZ30799GLENKHAKI,1,2025,marzo
ZZZ30807DOGONBROWN,1,2025,marzo
ZZZ30818NUNYSHAKEBLACK,2,2025,marzo
ZZZ30821NEWCOLOMBALLBLACK,2,2025,marzo
ZZZ30840WENDYBLACK,5,2025,marzo
ZZZ30844MARCOSBROWN,3,2025,marzo
ZZZ30864KALIKHAKI,1,2025,marzo
ZZZ30889PANELLBROWN,5,2025,marzo
ZZZ30912MANEMENWHITE,3,2025,marzo
ZZZ30922CORVIBLACK,4,2025,marzo
ZZZ30923CORVIWINE,16,2025,marzo
ZZZ30926REGENNAVY,2,2025,marzo
ZZZ30927REGENWINERED,5,2025,marzo
ZZZ30939MOZONBLACK,1,2025,marzo
ZZZ30940MOZONBROWN,4,2025,marzo
ZZZ30941ZAMANZOBLACK,2,2025,marzo
ZZZ30942ZAMANZONAVY,4,2025,marzo
ZZZ30943REGENBLACK,1,2025,marzo
ZZZ30966NAGINIBLACK,1,2025,marzo
ZZZ30974PETYLILA,1,2025,marzo
ZZZ30999VAKONEGRO,1,2025,marzo
ZZZ31009COCONICAMEL,1,2025,marzo
ZZZ31010MANSHCAMEL,1,2025,marzo
ZZZ31024ALEXACAMEL,1,2025,marzo
ZZZ31061PANTERBLACK,2,2025,marzo
ZZZ31156NATYBLUE,1,2025,marzo
ZZZ31173ALLISONCAMEL,1,2025,marzo
ZZZ31176ALLISONPINK,1,2025,marzo
ZZZ31240MALIBLACK,1,2025,marzo
ZZZ31302LIAPINK,1,2025,marzo
ZZZ31312KIMABLACK,1,2025,marzo
ZZZ31314KIMAYELLOW,1,2025,marzo
ZZZ31321YURIGREY,2,2025,marzo
ZZZ31325MISHAPURPLE,1,2025,marzo
ZZZ31338LAZOYELLOW,1,2025,marzo
ZZZ31395PALMABROWN,1,2025,marzo
ZZZ31398SULIVANBLACK,1,2025,marzo
ZZZ31399SULLIVANREDBROWN,1,2025,marzo
ZZZ31407MILANBROWN,1,2025,marzo
ZZZ31409MILANBEIGE,1,2025,marzo
ZZZ31419TAYLORBROWN,4,2025,marzo
ZZZ31425DEXTERBLACK,1,2025,marzo
ZZZ31428MAIKAWHITE,1,2025,marzo
ZZZ31450COQUIBLACK,1,2025,marzo
ZZZ31457KRUNEWHITE,1,2025,marzo
ZZZ31465WARWHITE,2,2025,marzo
ZZZ31467WARWINERED,1,2025,marzo
ZZZ31472AGNABLACK,3,2025,marzo
ZZZ31489KATANABLACK,1,2025,marzo
ZZZ31490KATANACOFFEE,5,2025,marzo
ZZZ31491GRETILEOPARD,1,2025,marzo
ZZZ31495CALICAMEL,2,2025,marzo
ZZZ31497SERRACAMEL,1,2025,marzo
ZZZ31500KURTKHAKI,2,2025,marzo
ZZZ31501OTTOBLACK,1,2025,marzo
ZZZ31512MOLERCHIPOROBLA,2,2025,marzo
ZZZ31521HILDABROWN,4,2025,marzo
ZZZ31524GRETABROWN,1,2025,marzo
ZZZ31529PHILLIPBLACK,1,2025,marzo
ZZZ31531PHILLIPBLUE,1,2025,marzo
ZZZ31536BETHBLACK,4,2025,marzo
ZZZ31543ALICEBROWN,1,2025,marzo
ZZZ31551RADACAMEL,1,2025,marzo
ZZZ31555MICALBROWN,1,2025,marzo
ZZZ31556MICALCOFFEE,1,2025,marzo
ZZZ31557KEYLABLACK,3,2025,marzo
ZZZ31559KEYLACOFFEE,3,2025,marzo
ZZZ31565SILENECOFFEE,2,2025,marzo
ZZZ31569MOONGREEN,3,2025,marzo
ZZZ31579ASHIMABLACK,8,2025,marzo
ZZZ31580ASHIMABROWN,5,2025,marzo
ZZZ31581ASHIMAGREY,2,2025,marzo
ZZZ31584ALIWENCAQUI,1,2025,marzo
ZZZ31601CHAIWINERED,1,2025,marzo
ZZZ31602HARBINBLACK,1,2025,marzo
ZZZ31605ROVANIMCAQUI,6,2025,marzo
ZZZ31606ROVANIMCOFFEE,4,2025,marzo
ZZZ31607ROVANIMCAMEL,3,2025,marzo
ZZZ31608ROVANIMBLACK,3,2025,marzo
ZZZ31629MEZENBLACK,1,2025,marzo
ZZZ31639SAKIWINERED,1,2025,marzo
ZZZ31640OUTDOORBLACK,3,2025,marzo
ZZZ31655WENDYRED,3,2025,marzo
ZZZ31676MARYPATBEIGE,2,2025,marzo
ZZZ31679BOLANDBLACK,6,2025,marzo
ZZZ31680MARYPATBLACK,2,2025,marzo
ZZZ31735MAHOUWHITE,1,2025,marzo
ZZZ31738PUCCAWHITE,1,2025,marzo
ZZZ31741BILLYKIDNAVY,5,2025,marzo
ZZZ31771MERALDBLACK,3,2025,marzo
ZZZ31774FELPUCOFFEE,1,2025,marzo
ZZZ31774PEPABURGUNDY,7,2025,marzo
ZZZ31776FELPUCAMEL,3,2025,marzo
ZZZ31778CLIMBBROWN,1,2025,marzo
ZZZ31779CLIMBWINERED,1,2025,marzo
ZZZ31785FRUNCHWINERED,1,2025,marzo
ZZZ31787INVERNALGREY,1,2025,marzo
ZZZ31831VARMOGREY,1,2025,marzo
ZZZ31838OUTDOORKHAKI,2,2025,marzo
ZZZ31839OUTDOORBLUE,8,2025,marzo
ZZZ31849MONTADORBROWN,1,2025,marzo
ZZZ31850MONTADORBLACK,7,2025,marzo
ZZZ31869QUILICOFFEE,8,2025,marzo
ZZZ31874HETTACAMEL,1,2025,marzo
ZZZ31879TYRABLACK,1,2025,marzo
ZZZ31881YANICAQUI,8,2025,marzo
ZZZ31884RIBUNCAMEL,1,2025,marzo
ZZZ31886RIBUNBLACK,1,2025,marzo
ZZZ31892YEPOCAMEL,2,2025,marzo
ZZZ31898BROKICAMEL,1,2025,marzo
ZZZ31899BRETZBLACK,6,2025,marzo
ZZZ31900BRETZBURDEO,2,2025,marzo
ZZZ31901RELTIBLACK,1,2025,marzo
ZZZ31902RELTIBROWN,4,2025,marzo
ZZZ31903RELTIPURPLE,2,2025,marzo
ZZZ31904RELTICAMEL,1,2025,marzo
ZZZ31911YELIXBLACK,6,2025,marzo
ZZZ31912YELIXWINE,1,2025,marzo
ZZZ31914MORRISBLACK,2,2025,marzo
ZZZ31915MANILLEBLACK,4,2025,marzo
ZZZ31918PAULICAMEL,2,2025,marzo
ZZZ31920ALESCAMEL,2,2025,marzo
ZZZ31921MORABLACK,1,2025,marzo
ZZZ31924JULIETTEBLACK,1,2025,marzo
ZZZ31924RIENTBEIGE,1,2025,marzo
ZZZ31938LARKEYCAMEL,1,2025,marzo
ZZZ31939LARKEYBLACK,2,2025,marzo
ZZZ31943VALIBCAMEL,7,2025,marzo
ZZZ31944VALIBBLACK,1,2025,marzo
ZZZ31974CURCUBLACK,4,2025,marzo
ZZZ31987MEIKRED,1,2025,marzo
ZZZ32040KAILKHAKI,2,2025,marzo
ZZZ32057FATIMACAMEL,1,2025,marzo
ZZZ32063AUREASILVER,1,2025,marzo
ZZZ32064AUREABLACK,1,2025,marzo
ZZZ32116RANONIBROWN,1,2025,marzo
ZZZ32117RANONIKHAKI,3,2025,marzo
ZZZ32121YALYBLACK,1,2025,marzo
ZZZ32122YALYPINK,1,2025,marzo
ZZZ32137MAZZACOFFE,1,2025,marzo
ZZZ32139ZUCCABLAC,3,2025,marzo
ZZZ32140ZUCCACOFFE,1,2025,marzo
ZZZ32141ZUCCABROW,3,2025,marzo
ZZZ32143ELLENCOFFE,1,2025,marzo
ZZZ32144ELLENBROW,5,2025,marzo
ZZZ32145MARITTBLAC,11,2025,marzo
ZZZ32146MARITTBROW,5,2025,marzo
ZZZ32147MARITTCOFFE,6,2025,marzo
ZZZ32154SORAYAGRE,3,2025,marzo
ZZZ32157LENABLACK,1,2025,marzo
ZZZ32158YULIMARON,1,2025,marzo
ZZZ32161THAISNAV,3,2025,marzo
ZZZ32162TALINAPIN,3,2025,marzo
ZZZ32163YULIBLAC,4,2025,marzo
ZZZ32165FRIDAGRE,3,2025,marzo
ZZZ32166FRIDAPIN,1,2025,marzo
ZZZ32167FRIDABLAC,2,2025,marzo
ZZZ32168GIULIABLAC,2,2025,marzo
ZZZ32169GIULIAMAROON,1,2025,marzo
ZZZ32172ASARANAVY,2,2025,marzo
ZZZ32173BYLURCAMEL,1,2025,marzo
ZZZ32173JANAFUCSIA,1,2025,marzo
ZZZ32176IRINANAVY,1,2025,marzo
ZZZ32177IRINABLACK,1,2025,marzo
ZZZ32177LASSIECAMEL,1,2025,marzo
ZZZ32178DEMIWINERED,2,2025,marzo
ZZZ32180MILABLACK,1,2025,marzo
ZZZ32181ELIDEBLACK,2,2025,marzo
ZZZ32181MILAMAROON,2,2025,marzo
ZZZ32182AYLEENBLACK,5,2025,marzo
ZZZ32182MILAGREY,1,2025,marzo
ZZZ32183AYLEENWHITE,4,2025,marzo
ZZZ32184MACARENABLACK,3,2025,marzo
ZZZ32184RUBENKHAKI,1,2025,marzo
ZZZ32186ALMYBLACK,4,2025,marzo
ZZZ32186FABIOLABLACK,1,2025,marzo
ZZZ32187FABIOLACARAMEL,13,2025,marzo
ZZZ32187ZAIDABLACK,2,2025,marzo
ZZZ32188ROUSBLACK,1,2025,marzo
ZZZ32189ALIDANAVY,10,2025,marzo
ZZZ32189ISIDORABLACK,2,2025,marzo
ZZZ32189LIONELBROWN,1,2025,marzo
ZZZ32190ALIDABURGUNDY,1,2025,marzo
ZZZ32190NERVABLACK,3,2025,marzo
ZZZ32191AGATABLACK,9,2025,marzo
ZZZ32191LUCIANBROWN,1,2025,marzo
ZZZ32191NERVANAVY,1,2025,marzo
ZZZ32192LUCIANBLACK,4,2025,marzo
ZZZ32193PILYNAVY,3,2025,marzo
ZZZ32194DANIABROWN,1,2025,marzo
ZZZ32195OMINBROWN,1,2025,marzo
ZZZ32195PILYBLACK,2,2025,marzo
ZZZ32198ZAIABLACK,6,2025,marzo
ZZZ32200MEIRABLACK,1,2025,marzo
ZZZ32201LINABLACK,1,2025,marzo
ZZZ32201MEIRAWHITE,1,2025,marzo
ZZZ32202KUNIKNAVY,1,2025,marzo
ZZZ32202LINAGREY,1,2025,marzo
ZZZ32203ZAMANZOCOFFEE,1,2025,marzo
ZZZ32204NAYABLACK,1,2025,marzo
ZZZ32206GERDBEIGE,1,2025,marzo
ZZZ32206YELINANAVY,1,2025,marzo
ZZZ32207YELINABLACK,1,2025,marzo
ZZZ32208AMIRANAVY,5,2025,marzo
ZZZ32209AMIRAGREY,4,2025,marzo
ZZZ32209LARSCAMEL,1,2025,marzo
ZZZ32209QUIMBAYABLACK,2,2025,marzo
ZZZ32210QUIMBAYABROWN,1,2025,marzo
ZZZ32211QUIMBAYANAVY,1,2025,marzo
ZZZ32212HELGENAVY,1,2025,marzo
ZZZ32212QUIMBAYAKHAKI,2,2025,marzo
ZZZ32213ARENCAMEL,1,2025,marzo
ZZZ32213QUIMBAYAGREY,1,2025,marzo
ZZZ32214LEIVABLACK,5,2025,marzo
ZZZ32215MARIANBLACK,1,2025,marzo
ZZZ32216LEIVANAVY,7,2025,marzo
ZZZ32216RIELAGREY,3,2025,marzo
ZZZ32217CASANDRABLACK,3,2025,marzo
ZZZ32217LEIVAGREY,4,2025,marzo
ZZZ32218KASPERBLACK,2,2025,marzo
ZZZ32218POLETTEBLACK,4,2025,marzo
ZZZ32219EBOLETHBLACK,2,2025,marzo
ZZZ32221EBOLETHGREY,4,2025,marzo
ZZZ32222ACALIABLACK,2,2025,marzo
ZZZ32225ARELINAVY,2,2025,marzo
ZZZ32225VAINILLACOFFEE,1,2025,marzo
ZZZ32226ARELIBLACK,1,2025,marzo
ZZZ32226BRISAGREEN,1,2025,marzo
ZZZ32228GUATAPEBLACK,2,2025,marzo
ZZZ32229MENICABLACK,2,2025,marzo
ZZZ32229NIAWHITE,1,2025,marzo
ZZZ32231SARILBEIGE,2,2025,marzo
ZZZ32232TEBAIDABLACK,2,2025,marzo
ZZZ32232TIMYBLACK,1,2025,marzo
ZZZ32233IVETTEPURPLE,1,2025,marzo
ZZZ32233RODNYCOFFEE,1,2025,marzo
ZZZ32233TIMYBEIGE,1,2025,marzo
ZZZ32234ORIANABLACK,1,2025,marzo
ZZZ32234TEBAIDADBEIGE,1,2025,marzo
ZZZ32235MURIELWHITE,1,2025,marzo
ZZZ32235TEBAIDABEIGE,1,2025,marzo
ZZZ32236IRENEBLACK,2,2025,marzo
ZZZ32236TEBAIDANAVY,4,2025,marzo
ZZZ32237IRENEBROWN,1,2025,marzo
ZZZ32237TEBAIDAKHAKI,2,2025,marzo
ZZZ32238JORDINABLACK,1,2025,marzo
ZZZ32241ALICIABLACK,2,2025,marzo
ZZZ32241RANIAKHAKI,10,2025,marzo
ZZZ32242ALICIABLUE,1,2025,marzo
ZZZ32242RANIACAMEL,2,2025,marzo
ZZZ32243ARMENIABLACK,2,2025,marzo
ZZZ32243ESTELABLACK,6,2025,marzo
ZZZ32245ANDRINACAMEL,1,2025,marzo
ZZZ32245LETICIABLACK,1,2025,marzo
ZZZ32246EDNABEIGE,10,2025,marzo
ZZZ32246LETICIABROWN,1,2025,marzo
ZZZ32247EDNACAMEL,1,2025,marzo
ZZZ32247LETICIACOFFEE,8,2025,marzo
ZZZ32248ARACELIBLACK,2,2025,marzo
ZZZ32250ANALISEBLACK,2,2025,marzo
ZZZ32250DORABLACK,1,2025,marzo
ZZZ32251IVYPURPLE,1,2025,marzo
ZZZ32251MELLEABROWN,5,2025,marzo
ZZZ32251PRAGABLACK,1,2025,marzo
ZZZ32252IVYPINK,2,2025,marzo
ZZZ32252KATRINABLACK,2,2025,marzo
ZZZ32252MELLEAGREEN,1,2025,marzo
ZZZ32253IVYBLUE,1,2025,marzo
ZZZ32253KATRINACOFFEE,2,2025,marzo
ZZZ32253MELLEABLACK,6,2025,marzo
ZZZ32254DANACAMEL,1,2025,marzo
ZZZ32254LLANERABLACK,3,2025,marzo
ZZZ32254MELLEALIGHTGREY,1,2025,marzo
ZZZ32255DANABLACK,1,2025,marzo
ZZZ32255ORAZIBLACK,6,2025,marzo
ZZZ32256IVANNAAPRICOT,1,2025,marzo
ZZZ32256MENGABLACK,1,2025,marzo
ZZZ32257ORAZIBROWN,1,2025,marzo
ZZZ32257VANESSABLACK,3,2025,marzo
ZZZ32258ORAZIKHAKI,5,2025,marzo
ZZZ32261MANIZALESBLACK,2,2025,marzo
ZZZ32262ARIADNAKHAKI,1,2025,marzo
ZZZ32263ARIADNAAPRICOT,1,2025,marzo
ZZZ32263CLARABLACK,1,2025,marzo
ZZZ32264ARIADNABLACK,2,2025,marzo
ZZZ32264PEREIRABLACK,4,2025,marzo
ZZZ32265PASCALBLACK,1,2025,marzo
ZZZ32265PEREIRABEIGE,4,2025,marzo
ZZZ32266FATMAPINK,1,2025,marzo
ZZZ32266SINUBLACK,4,2025,marzo
ZZZ32267TIANNEBLACK,4,2025,marzo
ZZZ32268SINUBEIGE,13,2025,marzo
ZZZ32269JAVABLACK,1,2025,marzo
ZZZ32269SILASBLACK,1,2025,marzo
ZZZ32269SINUBROWN,1,2025,marzo
ZZZ32270LEONORBLACK,6,2025,marzo
ZZZ32270MONGUIBLACK,1,2025,marzo
ZZZ32271LIAMBLACK,4,2025,marzo
ZZZ32271MONGUINAVY,3,2025,marzo
ZZZ32272MONGUIGREY,3,2025,marzo
ZZZ32272VIKOALLBLACK,1,2025,marzo
ZZZ32274PAIPABLACK,14,2025,marzo
ZZZ32275PAIPAGREY,1,2025,marzo
ZZZ32276PAIPABEIGE,1,2025,marzo
ZZZ32276SALOMEBLACK,2,2025,marzo
ZZZ32278NOBSANAVY,1,2025,marzo
ZZZ32279NOBSAGREY,14,2025,marzo
ZZZ32279SANTINODARCKGREY,1,2025,marzo
ZZZ32280NOBSABEIGE,8,2025,marzo
ZZZ32281CIENAGABLACK,2,2025,marzo
ZZZ32282PIEROALLBLACK,2,2025,marzo
ZZZ32282VICAROSERED,1,2025,marzo
ZZZ32284CIENAGAFUCSIA,1,2025,marzo
ZZZ32284PIERODARKGREY,2,2025,marzo
ZZZ32285DARIENBLACK,12,2025,marzo
ZZZ32285PIERODARKNAVY,3,2025,marzo
ZZZ32286ELEONORBLACK,1,2025,marzo
ZZZ32288DARIENBEIGE,4,2025,marzo
ZZZ32288SAMANTABROWN,1,2025,marzo
ZZZ32289DARIENROSE,1,2025,marzo
ZZZ32289NATHANALLBLACK,2,2025,marzo
ZZZ32291NATHANDGREY,1,2025,marzo
ZZZ32297CINNIABLACK,4,2025,marzo
ZZZ32299VIVIANBLACK,1,2025,marzo
ZZZ32300VIVIANCOFFEE,1,2025,marzo
ZZZ32301VIVIANCAMEL,1,2025,marzo
ZZZ32302SALENTOBLACK,1,2025,marzo
ZZZ32303SALENTOCAMEL,8,2025,marzo
ZZZ32304SALENTOCOFFEE,1,2025,marzo
ZZZ32304ZACKBLACK,3,2025,marzo
ZZZ32306ANDESCAMEL,2,2025,marzo
ZZZ32308GIANNELABLACKPURPLE,1,2025,marzo
ZZZ32312DANITZANAVYBLUE,1,2025,marzo
ZZZ32313LUANABROWN,1,2025,marzo
ZZZ32314AVENTURABURGUND,1,2025,marzo
ZZZ32317THIAGOREDBROWN,4,2025,marzo
ZZZ32318REFUGIODBROWN,1,2025,marzo
ZZZ32319MATEOREDBROWN,2,2025,marzo
ZZZ32320LIMONARCAMEL,1,2025,marzo
ZZZ32321ARCHIEREDBROWN,4,2025,marzo
ZZZ32324AINOADBROWN,3,2025,marzo
ZZZ32324ANGELPETROLEO,1,2025,marzo
ZZZ32325KARINBLACK,1,2025,marzo
ZZZ32326KARINBROWN,1,2025,marzo
ZZZ32328YADIBROWN,1,2025,marzo
ZZZ32329FANNARBLACK,1,2025,marzo
ZZZ32331FANNARCAMEL,1,2025,marzo
ZZZ32334ZANEBLACK,1,2025,marzo
ZZZ32339ANDRIKHAKI,2,2025,marzo
ZZZ32345COLEBLACK,4,2025,marzo
ZZZ32348ALDERCOFFEE,2,2025,marzo
ZZZ32354LUABLACK,1,2025,marzo
ZZZ32362LAYLABLACK,2,2025,marzo
ZZZ32364LAYLADARKBLUE,2,2025,marzo
ZZZ32366ARLEYSBLACK,4,2025,marzo
ZZZ32367ARLEYSBEIGE,1,2025,marzo
ZZZ32369MARILYBLACK,7,2025,marzo
ZZZ32371MARILYCAMEL,1,2025,marzo
ZZZ32373GIANNACAMEL,1,2025,marzo
ZZZ32378BAYOLETHBLUE,1,2025,marzo
ZZZ32379BAYOLETHPINK,1,2025,marzo
ZZZ32380BAYOLETHKHAKI,1,2025,marzo
ZZZ32382GRETHELWHITE,1,2025,marzo
ZZZ32416EMELYBLACK,1,2025,marzo
ZZZ32418LOURDESBLACK,1,2025,marzo
ZZZ32419LOURDESGREEN,1,2025,marzo
ZZZ32421MAURAALLBLACK,5,2025,marzo
ZZZ32422MAURABLACK,10,2025,marzo
ZZZ32423FELICIABLACK,2,2025,marzo
ZZZ32426SAYENDARKBLUE,1,2025,marzo
ZZZ32430NAYARETBLACK,2,2025,marzo
ZZZ32431TAYRABLACK,1,2025,marzo
ZZZ32432EDITHBLACKWHITE,1,2025,marzo
ZZZ32433JOYCEDENIMBLUE,3,2025,marzo
ZZZ32436TAMARWHITE,1,2025,marzo
ZZZ32437LUCILAWHITE,1,2025,marzo
ZZZ32439KEILYBROWN,1,2025,marzo
ZZZ32441AMPAROBLACK,1,2025,marzo
ZZZ32442BARNETTNEGRO,1,2025,marzo
ZZZ32443AMPAROPURPLE,1,2025,marzo
ZZZ32445JUNENEGRO,1,2025,marzo
ZZZ32446HAZELNEGRO,1,2025,marzo
ZZZ32447CALLIOPENEGRO,2,2025,marzo
ZZZ32458NEWVITIAWHITE,1,2025,marzo
ZZZ32462CAYETANACHAMPANGNE,4,2025,marzo
ZZZ32469MINKABLACK,1,2025,marzo
ZZZ32472MINKABEIGE,1,2025,marzo
ZZZ32480MENCIABLACK,1,2025,marzo
ZZZ32497KAMALKHAKI,1,2025,marzo
ZZZ32510MIREIABLACK,2,2025,marzo
ZZZ32527MERYLPINK,1,2025,marzo
ZZZ32529TWIGGYRED,1,2025,marzo
ZZZ32531GEORGINABROWN,1,2025,marzo
ZZZ32553CAMELIAWHITE,2,2025,marzo
ZZZ32601IRIACAMEL,1,2025,marzo
ZZZ32616ARYABROWN,1,2025,marzo
ZZZ32641HERNANBROWN,1,2025,marzo
ZZZ32679AVISBLACK,1,2025,marzo
ZZZ32683AYLAKHAKI,1,2025,marzo
ZZZ32684AYLACAMEL,1,2025,marzo
ZZZ32685BETSABEBLACK,6,2025,marzo
ZZZ32686BETSABEKHAKI,2,2025,marzo
ZZZ32696ELODIEBLACK,1,2025,marzo
ZZZ32697GONZALOBLACK,2,2025,marzo
ZZZ32700IKERCOFFEE,1,2025,marzo
ZZZ32711NEIZANBROWN,1,2025,marzo
ZZZ32714ISAACBLACK,1,2025,marzo
ZZZ32718JONBLACK,1,2025,marzo
ZZZ32719NEIZANBLACK,5,2025,marzo
ZZZ32720ANTIACAMEL,3,2025,marzo
ZZZ32725NAINPINK,1,2025,marzo
ZZZ32726NAKIADBLUE,2,2025,marzo
ZZZ32728NESSABLACK,1,2025,marzo
ZZZ32729NESSACARAMEL,13,2025,marzo
ZZZ32735VANIACARAMELO,1,2025,marzo
ZZZ32736VANIACAMEL,1,2025,marzo
ZZZ32751LIDECOFFE,1,2025,marzo
ZZZ32756MILIABROWN,1,2025,marzo
ZZZ32824ANDERBLACK,6,2025,marzo
ZZZ32955JERSONCOFFE,3,2025,marzo
ZZZ32960FAINACOFFE,2,2025,marzo
ZZZ32961FAINABLACK,1,2025,marzo
ZZZ32963KALEABLACK,1,2025,marzo
ZZZ32964NOORCOFFE,1,2025,marzo
ZZZ32965NOORBLACK,1,2025,marzo
ZZZ32971DAMARACOFFE,1,2025,marzo
ZZZ32972CARMINACOFFE,1,2025,marzo
ZZZ32983DESIDERIABLACK,1,2025,marzo
ZZZ32989EDESIACOFFE,3,2025,marzo
ZZZ32991EDESIABLACK,4,2025,marzo
ZZZ33006BRIANABEIGE,1,2025,marzo
ZZZ33008BRICIABLACK,2,2025,marzo
ZZZ33037HIKARIBLACK,3,2025,marzo
ZZZ33059KAORIBLACK,1,2025,marzo
ZZZ33061YUMIKONEGRO,1,2025,marzo
ZZZ33066FUMICONEGRO,1,2025,marzo
ZZZ33101AKEMINEGRO,3,2025,marzo
ZZZ33109RYOBLACK,1,2025,marzo
ZZZ33119FUKABLACK,2,2025,marzo
ZZZ33130SUZUMENEGRO,1,2025,marzo
ZZZ33149ELGABROWN,3,2025,marzo
ZZZ33150ELGANEGRO,1,2025,marzo
ZZZ33152FADIABLACKWHITE,1,2025,marzo
ZZZ33159CAREYBLANCO,1,2025,marzo
ZZZ33160CAREYNEGRO,2,2025,marzo
ZZZ33166CAMERONNEGRO,2,2025,marzo
ZZZ33174DANELLEWHITE,2,2025,marzo
ZZZ33180ELARABEIGE,2,2025,marzo
ZZZ33181ESKARNEWHITE,1,2025,marzo
ZZZ33191BERENICEDKGREY,1,2025,marzo
ZZZ33197BELMABLACKGREY,2,2025,marzo
ZZZ33201BERENICEBROWN,1,2025,marzo
ZZZ33202BECANAVY,1,2025,marzo
ZZZ33203BAHIABLUE,1,2025,marzo
ZZZ33205BAHIABLACK,3,2025,marzo
ZZZ33206BETINABLACK,4,2025,marzo
ZZZ33212BETINABEIGE,1,2025,marzo
ZZZ33225TERRANCEBLACK,1,2025,marzo
ZZZ33226TERRANCESKINRED,2,2025,marzo
ZZZ33227TERRANCESTEEL,1,2025,marzo
ZZZ33233PATRICEBLACK,1,2025,marzo
ZZZ33252MICHELNAVYBLUE,1,2025,marzo
ZZZ33254CLAUDEBLACKWHITE,2,2025,marzo
ZZZ33255CLAUDEDBLUE,1,2025,marzo
ZZZ33257JEANBLACKWHITE,6,2025,marzo
ZZZ33260YARETZIBLUE,2,2025,marzo
ZZZ33330FIDELMACAMEL,2,2025,marzo
ZZZ33331FIDELMABLACK,2,2025,marzo
ZZZ33364LEIWHITE,1,2025,marzo
ZZZ33369MEIYINGWHITE,1,2025,marzo
ZZZ33497DARRENBLACK,2,2025,marzo
ZZZ33498DARRENTAN,1,2025,marzo
ZZZ33509RORYREDBLACK,2,2025,marzo
ZZZ33517CILLIANBLACK,2,2025,marzo
ZZZ33518FANGALLBLACK,1,2025,marzo
ZZZ33519VALERIABLACK,7,2025,marzo
ZZZ33526CONEYBLACK,3,2025,marzo
ZZZ33527CONEYCINEROUS,4,2025,marzo
ZZZ33529BURKEBLACKGREY,3,2025,marzo
ZZZ33530BURKEBDGREYBLACK,2,2025,marzo
ZZZ33531BURKEKHAKIBLACK,1,2025,marzo
ZZZ33537BERKELEYALLBLACK,1,2025,marzo
ZZZ33540AIFRICBLACK,1,2025,marzo
ZZZ33545NUBIAGREEN,1,2025,marzo
ZZZ33548MERTWHITEBLUE,1,2025,marzo
ZZZ33553ASENATHBLACKBEIGE,1,2025,marzo
ZZZ33555CHIONEALLWHITE,1,2025,marzo
ZZZ33557EBONIBLACK,2,2025,marzo
ZZZ33558EBONIWHITEGREY,1,2025,marzo
ZZZ33560DONKORBLUE,7,2025,marzo
ZZZ33561HASANIBLACK,1,2025,marzo
ZZZ33570RAZIYABLACK,1,2025,marzo
ZZZ33589AZAHARBLACK,1,2025,marzo
ZZZ33592DHARMABLACK,1,2025,marzo
ZZZ33593DHARMABROWN,1,2025,marzo
ZZZ33596FERIHABLACK,1,2025,marzo
ZZZ33597FERIHABROWN,1,2025,marzo
ZZZ33598SAYOKOBLACK,2,2025,marzo
ZZZ33601LEYLAKBLACK,1,2025,marzo
ZZZ33602DRISSIAWHITE,1,2025,marzo
ZZZ33603DRISSIABLACK,1,2025,marzo
ZZZ33604ABELKHAKI,1,2025,marzo
ZZZ33619DAHIABROWN,1,2025,marzo
ZZZ33622FARIDBLACK,1,2025,marzo
ZZZ33623FARIDBROWN,5,2025,marzo
ZZZ33639ANGELINABLACKWHITE,4,2025,marzo
ZZZ33640ANGELINAFOGBLUE,1,2025,marzo
ZZZ33641ANGELINAALLBLACK,2,2025,marzo
ZZZ33642ANJAALLBLACK,1,2025,marzo
ZZZ33647FABIANBLACKWHITE,10,2025,marzo
ZZZ33649FABIANMISTBLUE,1,2025,marzo
ZZZ33651KONSTANTINBLACKWHITE,1,2025,marzo
ZZZ33652KONSTANTINWHITEBLACK,9,2025,marzo
ZZZ33654JOSEFBLACK,3,2025,marzo
ZZZ33656JOSEFGREY,1,2025,marzo
ZZZ33659JOHANNABLACK,1,2025,marzo
ZZZ33660JOHANNAKAKI,8,2025,marzo
ZZZ33664LARABROWN,2,2025,marzo
ZZZ33665NATALIEWHITEBLACK,1,2025,marzo
ZZZ33666JASMINRED,1,2025,marzo
ZZZ33667ELISACAMEL,1,2025,marzo
ZZZ33670BETINAALLWHITE,1,2025,marzo
ZZZ33671MAJAWHITE,1,2025,marzo
ZZZ33672LEONIEBLACKPU,14,2025,marzo
ZZZ33819ALEXANDRANEGRO,1,2025,marzo
ZZZ33823DARANANEGRO,1,2025,marzo
ZZZ33825HUGOWHITE,1,2025,marzo
ZZZ33826BRAISBLACK,3,2025,marzo
ZZZ33827BRAISKHAKI,3,2025,marzo
ZZZ33829MILOSNAVY,1,2025,marzo
ZZZ33830MILOSGREY,1,2025,marzo
ZZZ33833BACOGREY,2,2025,marzo
ZZZ33834DRACNEGRO,1,2025,marzo
ZZZ33838JOUBLACK,2,2025,marzo
ZZZ33840JOUBROWN,2,2025,marzo
ZZZ33842LEONEBLACKROSERED,3,2025,marzo
ZZZ33843LEONEBLACKPURPLE,1,2025,marzo
ZZZ33846TRIALEGREYROSE,1,2025,marzo
ZZZ33851RETRISOEWHITE,1,2025,marzo
ZZZ33865NELOERAALLBLACK,3,2025,marzo
